N,p,f,pop_type,alpha,p_true,cube_e_max,cube_e_mean,cube_bias,cube_nfrac,cube_nsel,sph_e_max,sph_e_mean,sph_bias,sph_nfrac,sph_nsel,delta_e_max,delta_e_mean,delta_bias,rep
50,2,0.3,mixed,0.0,0.6,0.021147304410361983,0.020776121951724104,0.06666666666666654,2,14,0.7606813947532347,0.4391452469439854,0.0,2,15,0.7395340903428728,0.41836912499226125,-0.06666666666666654,0
50,2,0.3,mixed,0.0,0.6,0.20134276390628147,0.1457995160799598,0.06666666666666676,2,16,0.032822600639524684,0.029343221588702267,0.20000000000000007,2,17,-0.16852016326675678,-0.11645629449125754,0.1333333333333333,1
50,2,0.3,mixed,0.0,0.6,0.14907003125683946,0.09169338057395594,0.0,2,13,0.04101191683307729,0.026114836404704096,0.20000000000000018,2,19,-0.10805811442376217,-0.06557854416925185,0.20000000000000018,2
50,2,0.3,mixed,0.0,0.6,0.9973519214545197,0.5503820673406815,0.0,2,16,1.1137940422784771,0.6479174628558808,0.0,2,14,0.11644212082395744,0.0975353955151993,0.0,3
50,2,0.3,mixed,0.0,0.6,81.42279378060401,40.74308834805717,-0.06666666666666665,2,14,272.45785197752167,136.32778844773355,-0.13333333333333325,2,16,191.03505819691765,95.58470009967638,0.0666666666666666,4
50,2,0.3,mixed,0.0,0.6,0.9018233562880315,0.5076779360243621,-0.06666666666666665,2,10,0.08924670683209271,0.0657563427861433,0.13333333333333341,2,16,-0.8125766494559388,-0.4419215932382188,0.06666666666666676,5
50,2,0.3,mixed,0.0,0.6,5.0888098013097265,2.584852661308524,-0.06666666666666665,2,15,12.684255131680882,6.376867783015781,-0.13333333333333325,2,11,7.595445330371155,3.792015121707257,0.0666666666666666,6
50,2,0.3,mixed,0.0,0.6,0.22604709891710578,0.17123034198745757,0.06666666666666676,2,18,2.6711972456150463,1.3535577587202134,-0.13333333333333336,2,15,2.4451501466979404,1.1823274167327558,0.0666666666666666,7
50,2,0.3,mixed,0.0,0.6,0.10472271721177794,0.06169845543961485,0.0,2,16,0.2562371592139747,0.15773893120337518,0.06666666666666654,2,15,0.15151444200219677,0.09604047576376032,0.06666666666666654,8
50,2,0.3,mixed,0.0,0.6,0.1099071536306596,0.07816263268098979,0.06666666666666676,2,16,0.5218063495494265,0.2926108348368181,0.0,2,13,0.4118991959187669,0.21444820215582833,-0.06666666666666676,9
50,2,0.3,mixed,0.2,0.6,0.32155673258594086,0.1924107858548213,0.13333333333333341,2,19,0.741985132811765,0.4014842956421889,0.06666666666666676,2,19,0.4204284002258242,0.2090735097873676,-0.06666666666666665,0
50,2,0.3,mixed,0.2,0.6,0.7719584742863218,0.4452481750975502,0.0,2,15,1.1718432059790318,0.6208613258618736,0.0,2,16,0.39988473169271,0.17561315076432338,0.0,1
50,2,0.3,mixed,0.2,0.6,0.22534357331217017,0.12037232441234305,0.06666666666666676,2,17,0.022670484044849976,0.014952585152587803,-0.06666666666666665,2,13,-0.2026730892673202,-0.10541973925975524,-1.1102230246251565e-16,2
50,2,0.3,mixed,0.2,0.6,0.28333098839264975,0.2196259450439313,0.20000000000000018,2,17,0.0316938383617508,0.02952723079026031,0.0,2,18,-0.2516371500308989,-0.19009871425367098,-0.20000000000000018,3
50,2,0.3,mixed,0.2,0.6,0.2899288165380897,0.17197646848853185,0.0,2,16,0.7784148770172482,0.4799326115677244,-0.13333333333333336,2,11,0.4884860604791585,0.3079561430791925,0.13333333333333336,4
50,2,0.3,mixed,0.2,0.6,0.25741391362006405,0.1785071489710261,0.0,2,17,0.8237460481662509,0.4277219146682972,-0.13333333333333336,2,15,0.5663321345461868,0.24921476569727108,0.13333333333333336,5
50,2,0.3,mixed,0.2,0.6,0.43677489881119314,0.236455975187548,-0.06666666666666665,2,13,0.15251612852741772,0.1100616592061626,0.40000000000000024,2,20,-0.28425877028377544,-0.1263943159813854,0.3333333333333336,6
50,2,0.3,mixed,0.2,0.6,0.12268750045877415,0.07069665497862555,0.06666666666666676,2,16,0.3471706393962252,0.22842146301131322,-0.13333333333333336,2,11,0.2244831389374511,0.15772480803268768,0.0666666666666666,7
50,2,0.3,mixed,0.2,0.6,1.9838681345660734,1.0105472336623995,-0.06666666666666665,2,16,8.03305271078402,4.079889998570484,-0.13333333333333336,2,14,6.049184576217947,3.069342764908084,0.06666666666666671,8
50,2,0.3,mixed,0.2,0.6,0.34764780106531995,0.1993447820420768,0.13333333333333341,2,17,0.666870945202708,0.34626554495756995,0.13333333333333341,2,19,0.319223144137388,0.14692076291549314,0.0,9
50,2,0.7,mixed,0.0,0.6,0.33718324416267587,0.1713179376364743,0.02857142857142847,2,37,0.23340485279427392,0.12248571052792255,0.02857142857142858,2,33,-0.10377839136840195,-0.04883222710855174,1.1102230246251565e-16,0
50,2,0.7,mixed,0.0,0.6,0.06938900558211285,0.03517297166806522,0.02857142857142847,2,31,0.06416324229146347,0.04615781375461577,-0.028571428571428692,2,37,-0.005225763290649374,0.010984842086550553,2.220446049250313e-16,1
50,2,0.7,mixed,0.0,0.6,0.09469459540282636,0.0769395638336323,-0.05714285714285716,2,35,0.15069829268026838,0.09233497508483988,-0.08571428571428563,2,32,0.05600369727744202,0.01539541125120758,0.02857142857142847,2
50,2,0.7,mixed,0.0,0.6,0.08837465506345556,0.04847532601965827,-0.02857142857142858,2,32,0.0433907323828386,0.0408489818631903,-0.02857142857142847,2,33,-0.044983922680616954,-0.007626344156467964,-1.1102230246251565e-16,3
50,2,0.7,mixed,0.0,0.6,0.05029734932117412,0.025851671592374795,0.0,2,37,0.02585514509720492,0.015691833209154703,0.05714285714285705,2,35,-0.0244422042239692,-0.010159838383220092,0.05714285714285705,4
50,2,0.7,mixed,0.0,0.6,0.1035678914429,0.06208573116962116,0.02857142857142858,2,33,0.3099827529315543,0.24090301835461153,0.02857142857142858,2,33,0.2064148614886543,0.17881728718499038,0.0,5
50,2,0.7,mixed,0.0,0.6,0.09539023527023274,0.05783948357233386,0.02857142857142858,2,36,0.3570411777272996,0.18426948003811341,-0.05714285714285716,2,36,0.2616509424570669,0.12642999646577957,0.02857142857142858,6
50,2,0.7,mixed,0.0,0.6,0.4791676636727901,0.2504895718844343,0.02857142857142847,2,39,0.3383476380244911,0.19743241510938217,0.0,2,33,-0.14082002564829904,-0.053057156775052156,-0.02857142857142847,7
50,2,0.7,mixed,0.0,0.6,0.025686723608869037,0.013312931355163943,0.0,2,35,0.15767179468193387,0.09452835734408664,0.05714285714285727,2,40,0.13198507107306484,0.0812154259889227,0.05714285714285727,8
50,2,0.7,mixed,0.0,0.6,0.027347591682024386,0.019986223176070805,0.02857142857142858,2,36,0.08024816975923127,0.061359246930880504,0.08571428571428574,2,39,0.05290057807720688,0.041373023754809696,0.05714285714285716,9
50,2,0.7,mixed,0.2,0.6,0.04686622911174224,0.03411386624896027,-0.028571428571428692,2,35,0.1067585324356479,0.06010885846773144,-0.028571428571428692,2,36,0.05989230332390565,0.02599499221877117,0.0,0
50,2,0.7,mixed,0.2,0.6,0.015742973906614426,0.011439226863169517,-0.02857142857142858,2,34,0.027522994930327928,0.014014173287008061,0.11428571428571432,2,40,0.011780021023713502,0.002574946423838544,0.08571428571428574,1
50,2,0.7,mixed,0.2,0.6,0.4129574037695889,0.22289687870238417,-0.028571428571428692,2,37,0.6400474791838042,0.3460728162103216,0.11428571428571421,2,39,0.22709007541421533,0.12317593750793743,0.08571428571428552,2
50,2,0.7,mixed,0.2,0.6,0.7957390641133724,0.4003865376824726,-0.028571428571428692,2,36,0.06328989305239065,0.04886528342037879,0.0,2,32,-0.7324491710609817,-0.35152125426209385,-0.028571428571428692,3
50,2,0.7,mixed,0.2,0.6,0.07618179943187403,0.03999061219390555,-0.02857142857142858,2,36,0.1873569786574262,0.09763566169253089,0.02857142857142847,2,35,0.11117517922555217,0.05764504949862534,-1.1102230246251565e-16,4
50,2,0.7,mixed,0.2,0.6,0.21705531798906413,0.11514841306688091,0.0,2,35,0.026433511472106815,0.019730538500556963,0.05714285714285705,2,34,-0.19062180651695732,-0.09541787456632395,0.05714285714285705,5
50,2,0.7,mixed,0.2,0.6,0.07554203677130994,0.060257878421815736,0.02857142857142847,2,30,0.04391797063074934,0.030519009342857277,-0.05714285714285716,2,32,-0.0316240661405606,-0.02973886907895846,0.028571428571428692,6
50,2,0.7,mixed,0.2,0.6,0.03574039151614928,0.02082605157624321,0.0,2,31,0.05812634442002279,0.04142990176870051,0.05714285714285705,2,36,0.02238595290387351,0.0206038501924573,0.05714285714285705,7
50,2,0.7,mixed,0.2,0.6,0.24452840442557197,0.12325966289742403,-1.1102230246251565e-16,2,38,0.059778936973608844,0.03608519233695427,-0.05714285714285716,2,35,-0.18474946745196313,-0.08717447056046976,0.05714285714285705,8
50,2,0.7,mixed,0.2,0.6,0.10392642660812428,0.06016996747650539,0.08571428571428574,2,37,1.0276285217670362,0.5392237622294144,-0.08571428571428574,2,34,0.923702095158912,0.479053794752909,0.0,9
50,5,0.3,mixed,0.0,0.6,0.33714498142944693,0.13399876470088173,0.0,5,15,0.3026361736018736,0.09705673167054658,0.0,5,14,-0.03450880782757332,-0.03694203303033515,0.0,0
50,5,0.3,mixed,0.0,0.6,66.00845268054658,13.366531105396444,-0.06666666666666665,5,13,72.69291730583099,14.577290098344525,-0.06666666666666665,5,14,6.684464625284406,1.2107589929480813,0.0,1
50,5,0.3,mixed,0.0,0.6,5.135605262864718,1.3139474899482004,-0.06666666666666665,5,15,2.835846199117035,0.977581620952385,-0.06666666666666665,5,14,-2.2997590637476835,-0.33636586899581544,0.0,2
50,5,0.3,mixed,0.0,0.6,3.538175796240194,1.0490058865418672,-0.06666666666666665,5,16,2.171796714754291,0.7288594786500153,-0.06666666666666665,5,15,-1.3663790814859031,-0.3201464078918519,0.0,3
50,5,0.3,mixed,0.0,0.6,1.7492779160741283,0.6013945245921121,-0.06666666666666665,5,15,1.9826509872846518,0.5146120886387537,-0.13333333333333336,5,13,0.23337307121052353,-0.08678243595335833,0.06666666666666671,4
50,5,0.3,mixed,0.0,0.6,1.1680073971387537,0.31386332358107694,-0.13333333333333336,5,15,5.925765990337093,1.2933354955082874,-0.06666666666666665,5,14,4.757758593198339,0.9794721719272105,-0.06666666666666671,5
50,5,0.3,mixed,0.0,0.6,0.46912597027454456,0.17096618015885823,-0.13333333333333336,5,14,0.4263662797576658,0.18856368917597113,0.0,5,13,-0.04275969051687878,0.017597509017112906,-0.13333333333333336,6
50,5,0.3,mixed,0.0,0.6,1.0253100590296513,0.2933849266356084,-0.13333333333333336,5,13,0.44252535717070457,0.2354960222260829,-0.19999999999999996,5,13,-0.5827847018589467,-0.05788890440952549,0.0666666666666666,7
50,5,0.3,mixed,0.0,0.6,1.0960339175294673,0.2965537566040409,-0.13333333333333336,5,16,0.24799070271124968,0.10338236821455124,0.13333333333333341,5,16,-0.8480432148182176,-0.19317138838948963,5.551115123125783e-17,8
50,5,0.3,mixed,0.0,0.6,33.830324268401114,7.471507948628246,0.06666666666666654,5,15,14.77970184777726,3.713927446639816,0.2666666666666667,5,18,-19.050622420623853,-3.75758050198843,0.20000000000000018,9
50,5,0.3,mixed,0.2,0.6,0.5298813749984945,0.2773608755355709,0.06666666666666676,5,14,0.5537613712102423,0.2910635965378975,0.13333333333333341,5,16,0.023879996211747745,0.013702721002326557,0.06666666666666665,0
50,5,0.3,mixed,0.2,0.6,0.44403167411431,0.17946742795141332,0.0,5,16,0.42635116304035264,0.1548161639856434,0.13333333333333341,5,17,-0.01768051107395735,-0.024651263965769915,0.13333333333333341,1
50,5,0.3,mixed,0.2,0.6,0.8157097514262378,0.2772948401522738,-0.06666666666666665,5,14,0.6330458563940359,0.1735588582040372,-0.06666666666666665,5,13,-0.18266389503220193,-0.1037359819482366,0.0,2
50,5,0.3,mixed,0.2,0.6,0.6011184030632816,0.2206818673464041,0.0,5,12,0.20425699298022557,0.11561348723299787,0.0,5,14,-0.396861410083056,-0.10506838011340623,0.0,3
50,5,0.3,mixed,0.2,0.6,1.797718964304227,0.400349652396321,0.0,5,14,0.8118143925769263,0.2996852040192978,0.06666666666666676,5,15,-0.9859045717273007,-0.10066444837702315,0.06666666666666676,4
50,5,0.3,mixed,0.2,0.6,0.9207842721034392,0.24419979194459676,0.06666666666666676,5,17,1.370741652253374,0.4181753578776394,-0.06666666666666665,5,16,0.4499573801499348,0.17397556593304261,-1.1102230246251565e-16,5
50,5,0.3,mixed,0.2,0.6,0.7126765697034758,0.24548296291265226,0.13333333333333341,5,16,0.645292608010392,0.203148574690689,-0.13333333333333336,5,14,-0.0673839616930838,-0.042334388221963254,-5.551115123125783e-17,6
50,5,0.3,mixed,0.2,0.6,33.4000363772537,6.7303309743636275,0.0,5,14,8.26871544265477,1.9278137041686692,-0.13333333333333336,5,12,-25.13132093459893,-4.802517270194958,0.13333333333333336,7
50,5,0.3,mixed,0.2,0.6,0.5858351347486933,0.21649253678534336,-0.06666666666666665,5,12,0.6144696002968724,0.1723415762574587,-0.13333333333333336,5,14,0.028634465548179056,-0.04415096052788467,0.06666666666666671,8
50,5,0.3,mixed,0.2,0.6,0.45911885780608835,0.17048484035888092,-0.13333333333333336,5,13,0.10739638877328106,0.04353890518107604,-0.06666666666666665,5,13,-0.3517224690328073,-0.1269459351778049,-0.06666666666666671,9
50,5,0.7,mixed,0.0,0.6,2.33078962869956,0.5339128204097402,0.05714285714285705,5,37,4.005774486158135,0.8349366418184146,0.05714285714285705,5,36,1.6749848574585746,0.30102382140867445,0.0,0
50,5,0.7,mixed,0.0,0.6,0.7196375383476243,0.1838554749050632,0.0,5,34,0.12301190739063868,0.03449869994156497,0.02857142857142847,5,36,-0.5966256309569856,-0.14935677496349825,0.02857142857142847,1
50,5,0.7,mixed,0.0,0.6,0.18532109996934917,0.06714310692160343,0.05714285714285705,5,37,0.24200082352734684,0.0657177615469339,-0.02857142857142858,5,35,0.05667972355799766,-0.001425345374669526,-0.02857142857142847,2
50,5,0.7,mixed,0.0,0.6,0.1944891372164246,0.08929111636730126,0.05714285714285705,5,35,0.17689627851857603,0.08433952160322264,-1.1102230246251565e-16,5,37,-0.017592858697848573,-0.004951594764078623,-0.05714285714285694,3
50,5,0.7,mixed,0.0,0.6,0.41180989616540403,0.15836249440185216,0.05714285714285705,5,36,0.09089642151500753,0.0289462993455493,0.05714285714285705,5,38,-0.3209134746503965,-0.12941619505630286,0.0,4
50,5,0.7,mixed,0.0,0.6,0.4375109977732144,0.1417125040020745,0.0,5,35,0.08114276723111061,0.04939436297055231,-0.05714285714285716,5,36,-0.35636823054210376,-0.0923181410315222,0.05714285714285716,5
50,5,0.7,mixed,0.0,0.6,0.44826618063263646,0.1399806689638634,0.0,5,36,0.5886545094842476,0.1566314262751815,0.0,5,36,0.14038832885161112,0.0166507573113181,0.0,6
50,5,0.7,mixed,0.0,0.6,0.2856004275405347,0.0991514693098342,-0.08571428571428585,5,34,0.19796189817562193,0.087028222175843,-0.02857142857142858,5,33,-0.08763852936491279,-0.01212324713399121,-0.05714285714285727,7
50,5,0.7,mixed,0.0,0.6,0.5559838290580094,0.17383316239554525,-1.1102230246251565e-16,5,38,0.05841002791907698,0.026417798475897543,-0.028571428571428692,5,36,-0.4975738011389324,-0.1474153639196477,0.02857142857142858,8
50,5,0.7,mixed,0.0,0.6,0.3059841588957396,0.1061112969586118,-1.1102230246251565e-16,5,38,0.11171928133004991,0.04505587401669956,0.02857142857142847,5,35,-0.1942648775656897,-0.061055422941912234,0.02857142857142836,9
50,5,0.7,mixed,0.2,0.6,2.0177717644793574,0.4210959112487104,-0.028571428571428692,5,36,1.3168459021345074,0.3205552811687472,-0.05714285714285716,5,34,-0.70092586234485,-0.10054063007996317,0.02857142857142847,0
50,5,0.7,mixed,0.2,0.6,1.0489916876050056,0.3185717493249349,0.11428571428571443,5,37,0.5084428831910468,0.19734957850799867,-0.08571428571428563,5,32,-0.5405488044139588,-0.12122217081693626,-0.028571428571428803,1
50,5,0.7,mixed,0.2,0.6,0.7500817911325192,0.17766815777415876,0.05714285714285705,5,35,0.5819633119055266,0.17998143915982928,0.02857142857142847,5,36,-0.16811847922699252,0.0023132813856705237,-0.02857142857142858,2
50,5,0.7,mixed,0.2,0.6,1.4941684122108476,0.3179011070766565,0.0,5,36,0.7779270781859983,0.21107587899234806,-0.02857142857142858,5,33,-0.7162413340248494,-0.10682522808430842,0.02857142857142858,3
50,5,0.7,mixed,0.2,0.6,0.6046264396718846,0.2091941242408158,-0.028571428571428692,5,36,0.22132614026207142,0.06066232211912703,0.05714285714285705,5,37,-0.38330029940981314,-0.14853180212168876,0.02857142857142836,4
50,5,0.7,mixed,0.2,0.6,1.1702294203709485,0.38690482286110767,0.0,5,34,0.13381061236112304,0.0507563356037106,0.02857142857142847,5,35,-1.0364188080098253,-0.33614848725739704,0.02857142857142847,5
50,5,0.7,mixed,0.2,0.6,0.5576130370085496,0.14714318494641476,-1.1102230246251565e-16,5,35,0.7878022463348586,0.2427595214565783,0.02857142857142847,5,35,0.23018920932630904,0.09561633651016355,0.02857142857142836,6
50,5,0.7,mixed,0.2,0.6,0.5687107620316256,0.13121974108392503,-0.028571428571428692,5,35,0.6462345907804475,0.14485262590434034,0.0,5,37,0.07752382874882191,0.013632884820415303,-0.028571428571428692,7
50,5,0.7,mixed,0.2,0.6,0.3641367944950544,0.08080899290529772,0.02857142857142847,5,35,0.6817908297801395,0.15079028385921053,0.0,5,35,0.3176540352850851,0.06998129095391281,-0.02857142857142847,8
50,5,0.7,mixed,0.2,0.6,0.037817298153579974,0.01913709585186762,0.02857142857142858,5,33,0.30015647235793225,0.1013627995215192,0.02857142857142847,5,37,0.26233917420435227,0.08222570366965158,-1.1102230246251565e-16,9
100,2,0.3,mixed,0.0,0.6,0.22738208688644984,0.16464679362311965,-0.06666666666666654,2,30,0.1663155678796244,0.09429087362053686,0.06666666666666676,2,30,-0.06106651900682544,-0.0703559200025828,2.220446049250313e-16,0
100,2,0.3,mixed,0.0,0.6,1.184511804387397,0.5990332474482226,0.16666666666666663,2,37,0.3818376760180403,0.21006557861582273,0.09999999999999998,2,34,-0.8026741283693567,-0.38896766883239986,-0.06666666666666665,1
100,2,0.3,mixed,0.0,0.6,0.12256588133028426,0.0790258784996098,-0.09999999999999987,2,30,0.019999104489545748,0.010451661460910968,1.1102230246251565e-16,2,29,-0.1025667768407385,-0.06857421703869884,-0.09999999999999976,2
100,2,0.3,mixed,0.0,0.6,0.6742784136053653,0.34591472694682585,0.03333333333333344,2,27,0.41681375761236755,0.223255200493248,-0.09999999999999987,2,33,-0.2574646559929978,-0.12265952645357783,0.06666666666666643,3
100,2,0.3,mixed,0.0,0.6,0.47503358386915256,0.24229685094634765,0.1333333333333333,2,34,0.1350996007448136,0.07960998139451056,0.06666666666666676,2,33,-0.339933983124339,-0.1626868695518371,-0.06666666666666654,4
100,2,0.3,mixed,0.0,0.6,0.8835722079208118,0.44236912378313503,-0.033333333333333215,2,27,0.47245982054460917,0.2501875275120203,-0.033333333333333215,2,29,-0.41111238737620265,-0.19218159627111475,0.0,5
100,2,0.3,mixed,0.0,0.6,0.06886614124799363,0.06488248152441287,-0.033333333333333215,2,23,0.10421216653091218,0.05725285798574348,0.03333333333333344,2,28,0.03534602528291855,-0.007629623538669389,2.220446049250313e-16,6
100,2,0.3,mixed,0.0,0.6,0.29654441556489886,0.17052733863087427,0.06666666666666676,2,34,0.07937932002717057,0.052401515763264246,0.06666666666666676,2,28,-0.21716509553772828,-0.11812582286761003,0.0,7
100,2,0.3,mixed,0.0,0.6,0.22717920815019438,0.1392912784295204,-0.06666666666666665,2,26,0.09904207757160206,0.05534169860665755,0.09999999999999998,2,31,-0.12813713057859233,-0.08394957982286286,0.033333333333333326,8
100,2,0.3,mixed,0.0,0.6,0.19185724787755662,0.12266179282457787,-0.09999999999999987,2,26,0.20547614912377635,0.11516316306934793,-0.033333333333333215,2,33,0.013618901246219728,-0.007498629755229941,-0.06666666666666665,9
100,2,0.3,mixed,0.2,0.6,0.07728647074568834,0.039614637572882014,1.1102230246251565e-16,2,29,0.10152678766701083,0.06411851116728967,-0.033333333333333215,2,35,0.02424031692132249,0.024503873594407657,0.033333333333333104,0
100,2,0.3,mixed,0.2,0.6,0.06093487829463216,0.04001104982690511,-0.13333333333333325,2,26,0.19650880254701386,0.11456387635858624,1.1102230246251565e-16,2,28,0.1355739242523817,0.07455282653168113,-0.13333333333333314,1
100,2,0.3,mixed,0.2,0.6,0.9955136446190946,0.5051825922335965,1.1102230246251565e-16,2,31,0.03847719010177985,0.03452906635151484,0.03333333333333344,2,30,-0.9570364545173148,-0.47065352588208165,0.033333333333333326,2
100,2,0.3,mixed,0.2,0.6,0.8967284764625987,0.45462016924490567,1.1102230246251565e-16,2,27,0.22341106537030114,0.12472253665621348,-0.06666666666666654,2,26,-0.6733174110922975,-0.3298976325886922,0.06666666666666643,3
100,2,0.3,mixed,0.2,0.6,0.30236189240895517,0.16992341312028056,0.16666666666666663,2,36,0.08925201466758428,0.06329253027101561,-0.033333333333333215,2,30,-0.21310987774137088,-0.10663088284926495,-0.13333333333333341,4
100,2,0.3,mixed,0.2,0.6,0.2779204595942666,0.14477280835441103,-0.033333333333333215,2,32,0.1417636277841378,0.0859298271010547,1.1102230246251565e-16,2,30,-0.13615683181012878,-0.058842981253356325,-0.033333333333333104,5
100,2,0.3,mixed,0.2,0.6,4.045359280360602,2.0436795272923898,-0.06666666666666665,2,30,5.439369372230958,2.7256438589412864,0.06666666666666676,2,32,1.3940100918703564,0.6819643316488966,1.1102230246251565e-16,6
100,2,0.3,mixed,0.2,0.6,0.13769762720180143,0.08470387550645067,0.06666666666666676,2,30,0.0455655891325533,0.02975060062023291,-0.033333333333333215,2,26,-0.09213203806924813,-0.05495327488621776,-0.03333333333333355,7
100,2,0.3,mixed,0.2,0.6,219.45120752449918,109.72946322137112,1.1102230246251565e-16,2,28,43.86761225438922,21.953435208985564,1.1102230246251565e-16,2,32,-175.58359527010995,-87.77602801238555,0.0,8
100,2,0.3,mixed,0.2,0.6,0.06038684403235037,0.05649443582238044,-0.13333333333333325,2,27,0.09025101830268432,0.07597952947811176,1.1102230246251565e-16,2,28,0.029864174270333957,0.019485093655731325,-0.13333333333333314,9
100,2,0.7,mixed,0.0,0.6,0.13029798975308923,0.06769101715922957,0.02857142857142858,2,67,0.06132051882712927,0.031639295510163964,-0.014285714285714235,2,65,-0.06897747092595996,-0.0360517216490656,-0.014285714285714346,0
100,2,0.7,mixed,0.0,0.6,0.024549261718939185,0.012639381409478796,0.014285714285714235,2,72,0.17925145380013022,0.09849424156572807,1.1102230246251565e-16,2,75,0.15470219208119104,0.08585486015624927,-0.014285714285714124,1
100,2,0.7,mixed,0.0,0.6,0.15175757831948522,0.0784435225308555,-0.014285714285714124,2,70,0.09180618529677803,0.04649815143997255,0.02857142857142858,2,67,-0.05995139302270719,-0.03194537109088295,0.014285714285714457,2
100,2,0.7,mixed,0.0,0.6,0.2515725642056474,0.14002567145648961,-0.042857142857142705,2,68,0.03660473088659182,0.02524770168206402,1.1102230246251565e-16,2,71,-0.21496783331905556,-0.11477796977442559,-0.042857142857142594,3
100,2,0.7,mixed,0.0,0.6,0.8011857956621773,0.41198796492851814,0.02857142857142858,2,72,0.9447130991153051,0.4870470765970587,-0.02857142857142847,2,71,0.1435273034531278,0.07505911166854057,-1.1102230246251565e-16,4
100,2,0.7,mixed,0.0,0.6,0.11065697761256987,0.07922495871496686,-0.014285714285714124,2,71,0.07015941530809484,0.03907967977236669,0.014285714285714346,2,68,-0.04049756230447503,-0.04014527894260017,2.220446049250313e-16,5
100,2,0.7,mixed,0.0,0.6,1.6167923974393108,0.816037119938998,0.042857142857142816,2,72,0.8840497290949931,0.4463262955682571,0.02857142857142858,2,68,-0.7327426683443177,-0.3697108243707409,-0.014285714285714235,6
100,2,0.7,mixed,0.0,0.6,0.014128473711031903,0.010107415633598026,0.0,2,75,0.16175105868983108,0.08789252304511937,0.02857142857142858,2,72,0.14762258497879918,0.07778510741152134,0.02857142857142858,7
100,2,0.7,mixed,0.0,0.6,0.02103960757956178,0.01380032572612632,0.0,2,72,0.24384118281105258,0.12200329719638123,0.042857142857142816,2,72,0.2228015752314908,0.10820297147025491,0.042857142857142816,8
100,2,0.7,mixed,0.0,0.6,0.032616923805570235,0.01648921257630442,-0.02857142857142847,2,69,0.10781121722853487,0.05649976790771873,0.05714285714285727,2,73,0.07519429342296463,0.040010555331414316,0.028571428571428803,9
100,2,0.7,mixed,0.2,0.6,0.18421317497213813,0.09289841664127901,-0.042857142857142705,2,68,0.061549800387674033,0.04286167680899585,0.0,2,73,-0.1226633745844641,-0.05003673983228316,-0.042857142857142705,0
100,2,0.7,mixed,0.2,0.6,0.03154086710888417,0.02316655567396246,-0.02857142857142847,2,66,0.05094238754531845,0.045163030084131445,0.0714285714285714,2,72,0.019401520436434276,0.021996474410168984,0.04285714285714293,1
100,2,0.7,mixed,0.2,0.6,0.31842967234068525,0.1597415598895375,0.014285714285714346,2,67,0.16446837261468147,0.08493111950243973,0.05714285714285727,2,77,-0.15396129972600378,-0.07481044038709778,0.04285714285714293,2
100,2,0.7,mixed,0.2,0.6,0.0051844050939382665,0.0026704242916365615,0.04285714285714293,2,71,0.11832905876806922,0.06347012380279618,0.02857142857142858,2,72,0.11314465367413096,0.06079969951115962,-0.014285714285714346,3
100,2,0.7,mixed,0.2,0.6,0.02158507902791489,0.020015609723875276,1.1102230246251565e-16,2,74,0.08583785598793582,0.06699328484409688,-0.014285714285714235,2,74,0.06425277696002094,0.0469776751202216,0.014285714285714124,4
100,2,0.7,mixed,0.2,0.6,0.12201298129117392,0.06137781607153944,-0.042857142857142816,2,67,0.022841480015130356,0.015175209078360969,-0.05714285714285716,2,69,-0.09917150127604357,-0.04620260699317848,0.014285714285714346,5
100,2,0.7,mixed,0.2,0.6,0.1688059815177159,0.09512368038767466,-0.04285714285714293,2,64,0.26829389092191075,0.13795062338421066,1.1102230246251565e-16,2,71,0.09948790940419486,0.042826942996536,-0.042857142857142816,6
100,2,0.7,mixed,0.2,0.6,0.10620506248136453,0.06905855860264143,-0.014285714285714235,2,72,0.034045519012564675,0.024022476690414366,-0.014285714285714235,2,72,-0.07215954346879985,-0.04503608191222706,0.0,7
100,2,0.7,mixed,0.2,0.6,0.12182227968637963,0.06354307866324214,-0.02857142857142858,2,72,0.3938346314218312,0.2008056400728239,0.02857142857142858,2,69,0.2720123517354516,0.13726256140958176,0.0,8
100,2,0.7,mixed,0.2,0.6,0.03116024389277578,0.024088588488268326,0.05714285714285727,2,69,0.012563613981880826,0.008164851733409858,0.014285714285714346,2,69,-0.018596629910894953,-0.015923736754858468,-0.04285714285714293,9
100,5,0.3,mixed,0.0,0.6,0.2277678109847505,0.10708518388951252,-0.13333333333333325,5,26,0.8369711331730159,0.313399736482905,0.09999999999999998,5,33,0.6092033221882653,0.20631455259339246,-0.03333333333333327,0
100,5,0.3,mixed,0.0,0.6,1.2767760859110764,0.4407569986676136,0.0,5,33,2.473477376757668,0.563855901468321,-0.033333333333333215,5,32,1.1967012908465917,0.1230989028007074,0.033333333333333215,1
100,5,0.3,mixed,0.0,0.6,1.0602210703208061,0.35566919791550805,-0.13333333333333325,5,24,0.28561094532175424,0.09805668366928674,0.09999999999999998,5,30,-0.7746101249990519,-0.25761251424622134,-0.03333333333333327,2
100,5,0.3,mixed,0.0,0.6,0.7492899581020758,0.24750930788781558,-0.033333333333333215,5,30,0.48283832654820125,0.16796388255015712,0.03333333333333344,5,27,-0.2664516315538745,-0.07954542533765846,2.220446049250313e-16,3
100,5,0.3,mixed,0.0,0.6,0.4732709242033305,0.14814693059531886,0.13333333333333341,5,32,0.04033970276005911,0.025935759358217847,0.03333333333333355,5,31,-0.4329312214432714,-0.12221117123710101,-0.09999999999999987,4
100,5,0.3,mixed,0.0,0.6,0.15315840581877732,0.06173556514494368,0.03333333333333355,5,30,0.3710140403521364,0.10368079144214212,0.06666666666666676,5,29,0.2178556345333591,0.04194522629719844,0.033333333333333215,5
100,5,0.3,mixed,0.0,0.6,0.18540872158121696,0.0671226174952082,-0.033333333333333215,5,28,0.5764638843215748,0.18993024020755367,1.1102230246251565e-16,5,28,0.39105516274035784,0.12280762271234547,-0.033333333333333104,6
100,5,0.3,mixed,0.0,0.6,16.65890221622662,3.459319617394199,0.03333333333333344,5,30,18.254784589457103,3.6965736673432574,0.03333333333333355,5,31,1.5958823732304843,0.2372540499490583,1.1102230246251565e-16,7
100,5,0.3,mixed,0.0,0.6,1.8414470635064286,0.46678186966092267,0.033333333333333326,5,28,15.707553173634881,3.4584114459257966,0.03333333333333344,5,32,13.866106110128452,2.991629576264874,1.1102230246251565e-16,8
100,5,0.3,mixed,0.0,0.6,0.19916557116718464,0.07987356303826577,1.1102230246251565e-16,5,29,0.20232912233870198,0.07348612242147515,0.06666666666666687,5,30,0.0031635511715173426,-0.006387440616790627,0.06666666666666676,9
100,5,0.3,mixed,0.2,0.6,1.5276061670633592,0.4151345937560881,1.1102230246251565e-16,5,32,0.8930830015143542,0.3028338034879754,0.03333333333333344,5,31,-0.634523165549005,-0.11230079026811268,0.033333333333333326,0
100,5,0.3,mixed,0.2,0.6,1.1326348189242215,0.3410301389902235,0.16666666666666674,5,33,1.6809269840054721,0.4295301360470011,-0.033333333333333215,5,30,0.5482921650812507,0.08849999705677758,-0.13333333333333353,1
100,5,0.3,mixed,0.2,0.6,1.4691598083561512,0.3860812485883977,-0.033333333333333215,5,28,1.1922748231891396,0.2642772602833452,-0.06666666666666654,5,29,-0.27688498516701165,-0.12180398830505251,0.033333333333333326,2
100,5,0.3,mixed,0.2,0.6,0.21510195547771255,0.07208885167072736,-0.06666666666666665,5,27,0.369474236268711,0.0869999986394302,0.06666666666666676,5,32,0.15437228079099846,0.01491114696870284,1.1102230246251565e-16,3
100,5,0.3,mixed,0.2,0.6,17.917597066880354,3.6305940583816274,0.03333333333333344,5,28,2.463152631058123,0.546963553438737,0.03333333333333344,5,28,-15.454444435822232,-3.0836305049428905,0.0,4
100,5,0.3,mixed,0.2,0.6,0.2764058095994557,0.09379991032002202,0.06666666666666687,5,31,1.1908588460760305,0.35371746857936337,0.09999999999999998,5,29,0.9144530364765748,0.2599175582593414,0.033333333333333104,5
100,5,0.3,mixed,0.2,0.6,2.3430463207185195,0.4817938160408931,0.033333333333333326,5,35,0.23079134196863274,0.08029529870937269,0.03333333333333344,5,28,-2.1122549787498865,-0.4014985173315204,1.1102230246251565e-16,6
100,5,0.3,mixed,0.2,0.6,0.7676498055275253,0.19122773762700324,-0.033333333333333215,5,29,0.16895707109414135,0.07660135839693559,0.03333333333333344,5,30,-0.5986927344333839,-0.11462637923006765,2.220446049250313e-16,7
100,5,0.3,mixed,0.2,0.6,0.13603622144681962,0.05081318905848144,0.03333333333333344,5,31,0.26719076278055315,0.08130861692566957,0.03333333333333344,5,31,0.13115454133373353,0.030495427867188132,0.0,8
100,5,0.3,mixed,0.2,0.6,3.4453524153159405,0.7545098487165601,0.03333333333333344,5,31,0.6911687594435545,0.22693956102191493,-0.033333333333333215,5,32,-2.754183655872386,-0.5275702876946452,-2.220446049250313e-16,9
100,5,0.7,mixed,0.0,0.6,2.5290564404358276,0.6576834295915461,-0.014285714285714124,5,71,0.7853118023759335,0.25307550987714444,0.07142857142857151,5,70,-1.7437446380598942,-0.4046079197144017,0.057142857142857384,0
100,5,0.7,mixed,0.0,0.6,0.7893274868626566,0.17620231218346208,0.02857142857142858,5,70,0.9534861968035123,0.20396426469511963,0.014285714285714346,5,73,0.16415870994085568,0.027761952511657556,-0.014285714285714235,1
100,5,0.7,mixed,0.0,0.6,0.18381587336779637,0.043160479155583034,1.1102230246251565e-16,5,72,0.10192529928221215,0.05058313991430853,0.028571428571428692,5,70,-0.08189057408558421,0.007422660758725497,0.02857142857142858,2
100,5,0.7,mixed,0.0,0.6,0.06333689329288397,0.042579131747346705,1.1102230246251565e-16,5,71,0.034709306854235,0.02125365523377319,0.014285714285714346,5,69,-0.028627586438648975,-0.021325476513573513,0.014285714285714235,3
100,5,0.7,mixed,0.0,0.6,0.14423402812078553,0.04444961272051832,0.02857142857142858,5,69,0.2659308143335568,0.08815062417049704,0.02857142857142858,5,73,0.12169678621277127,0.043701011449978726,0.0,4
100,5,0.7,mixed,0.0,0.6,0.17354015104884005,0.07788883887413775,0.0,5,68,0.8894098884495344,0.21498698853513645,-0.02857142857142858,5,65,0.7158697374006944,0.1370981496609987,0.02857142857142858,5
100,5,0.7,mixed,0.0,0.6,0.13395288571549346,0.049932633977261824,1.1102230246251565e-16,5,70,0.08658962882699235,0.03445349878694738,0.014285714285714346,5,70,-0.04736325688850111,-0.015479135190314443,0.014285714285714235,6
100,5,0.7,mixed,0.0,0.6,0.179892302738882,0.06304019490686813,0.04285714285714293,5,73,0.16477402180675288,0.06504469858401253,0.02857142857142858,5,69,-0.015118280932129108,0.002004503677144401,-0.014285714285714346,7
100,5,0.7,mixed,0.0,0.6,0.7750528481533862,0.2038286249588555,0.014285714285714346,5,74,0.7481892578961906,0.18557316831584075,0.028571428571428692,5,71,-0.026863590257195535,-0.018255456643014756,0.014285714285714346,8
100,5,0.7,mixed,0.0,0.6,1.29990224066547,0.3918229108934043,0.014285714285714346,5,73,7.085088534267784,1.5141747952795508,0.014285714285714346,5,73,5.7851862936023135,1.1223518843861464,0.0,9
100,5,0.7,mixed,0.2,0.6,0.19545141999904816,0.06826941911926444,0.014285714285714346,5,68,0.1659608265804695,0.07733073319930815,-0.014285714285714124,5,70,-0.029490593418578653,0.009061314080043709,-2.220446049250313e-16,0
100,5,0.7,mixed,0.2,0.6,0.4005692718211706,0.1321988579191432,-0.014285714285714124,5,70,0.21900350128977977,0.05192609927270571,0.02857142857142858,5,67,-0.1815657705313908,-0.0802727586464375,0.014285714285714457,1
100,5,0.7,mixed,0.2,0.6,2.096026248127911,0.4336971101145231,1.1102230246251565e-16,5,70,2.6185494025793457,0.640131992056077,-0.014285714285714235,5,66,0.5225231544514348,0.20643488194155385,0.014285714285714124,2
100,5,0.7,mixed,0.2,0.6,0.07330472896554666,0.028151536689112494,0.04285714285714293,5,69,0.10681052750637499,0.03739388500089188,1.1102230246251565e-16,5,67,0.03350579854082833,0.009242348311779384,-0.042857142857142816,3
100,5,0.7,mixed,0.2,0.6,0.3967625684437976,0.09427710761859562,-0.02857142857142847,5,70,0.42454177954511296,0.17186159978532203,1.1102230246251565e-16,5,69,0.02777921110131537,0.07758449216672642,-0.02857142857142836,4
100,5,0.7,mixed,0.2,0.6,3.320925350659869,0.6980256954282734,-0.02857142857142847,5,69,4.004993599127025,0.8564416138554891,0.014285714285714346,5,69,0.6840682484671561,0.1584159184272157,-0.014285714285714124,5
100,5,0.7,mixed,0.2,0.6,0.32237179410269473,0.11885414495829605,0.04285714285714293,5,71,0.6150605171522026,0.17937983197112634,0.028571428571428692,5,71,0.2926887230495078,0.06052568701283029,-0.014285714285714235,6
100,5,0.7,mixed,0.2,0.6,0.10895666279418179,0.051359076667862304,0.0,5,72,0.4457353941363484,0.13373090627828382,0.014285714285714346,5,72,0.3367787313421666,0.08237182961042153,0.014285714285714346,7
100,5,0.7,mixed,0.2,0.6,0.2628691336995709,0.10886644017763192,0.0,5,69,0.41787707565296633,0.12431675228941472,0.014285714285714346,5,72,0.15500794195339546,0.015450312111782799,0.014285714285714346,8
100,5,0.7,mixed,0.2,0.6,0.0479009550142788,0.019659772618928976,0.014285714285714346,5,72,0.3113648476643727,0.11850995173105709,-0.0714285714285714,5,68,0.2634638926500939,0.09885017911212812,0.05714285714285705,9
