i,j,pi_i,pi_j,pi_i_pi_j,pi_ij_cube,pi_ij_sphere,cov_cube,cov_sphere,delta,contrast_sq,aux_dist_sq,syg_contrib_cube,syg_contrib_sphere,syg_contrib_delta
0,1,0.4,0.4,0.16000000000000003,0.172,0.164,0.011999999999999955,0.003999999999999976,-0.00799999999999998,6.25,59.92627401745673,-0.07499999999999972,-0.02499999999999985,0.04999999999999987
0,2,0.4,0.4,0.16000000000000003,0.088,0.078,-0.07200000000000004,-0.08200000000000003,-0.009999999999999995,0.0,44.08210236418833,0.0,0.0,0.0
0,3,0.4,0.4,0.16000000000000003,0.184,0.19,0.023999999999999966,0.02999999999999997,0.006000000000000005,6.25,142.57829390449945,-0.1499999999999998,-0.18749999999999983,-0.03750000000000003
0,4,0.4,0.4,0.16000000000000003,0.146,0.138,-0.01400000000000004,-0.02200000000000002,-0.00799999999999998,6.25,37.875434129752826,0.08750000000000024,0.13750000000000012,0.04999999999999988
0,5,0.4,0.4,0.16000000000000003,0.136,0.156,-0.02400000000000002,-0.004000000000000031,0.01999999999999999,0.0,103.48598107382361,0.0,0.0,0.0
0,6,0.4,0.4,0.16000000000000003,0.096,0.116,-0.06400000000000003,-0.044000000000000025,0.020000000000000004,0.0,9.338942712860726,0.0,0.0,0.0
0,7,0.4,0.4,0.16000000000000003,0.158,0.122,-0.0020000000000000295,-0.038000000000000034,-0.036000000000000004,0.0,57.46896143187862,0.0,0.0,0.0
0,8,0.4,0.4,0.16000000000000003,0.116,0.126,-0.044000000000000025,-0.03400000000000003,0.009999999999999995,6.25,20.896175963233087,0.27500000000000013,0.2125000000000002,-0.062499999999999944
0,9,0.4,0.4,0.16000000000000003,0.176,0.162,0.01599999999999996,0.001999999999999974,-0.013999999999999985,6.25,43.69026172647584,-0.09999999999999974,-0.012499999999999838,0.08749999999999991
0,10,0.4,0.4,0.16000000000000003,0.206,0.2,0.04599999999999996,0.03999999999999998,-0.005999999999999978,6.25,52.32849699056612,-0.28749999999999976,-0.2499999999999999,0.03749999999999987
0,11,0.4,0.4,0.16000000000000003,0.152,0.176,-0.008000000000000035,0.01599999999999996,0.023999999999999994,6.25,35.280764540166096,0.05000000000000022,-0.09999999999999974,-0.14999999999999997
0,12,0.4,0.4,0.16000000000000003,0.172,0.178,0.011999999999999955,0.01799999999999996,0.006000000000000005,6.25,73.76023323017952,-0.07499999999999972,-0.11249999999999975,-0.03750000000000003
0,13,0.4,0.4,0.16000000000000003,0.198,0.174,0.03799999999999998,0.013999999999999957,-0.02400000000000002,0.0,56.8938207022734,-0.0,-0.0,0.0
0,14,0.4,0.4,0.16000000000000003,0.182,0.154,0.021999999999999964,-0.006000000000000033,-0.027999999999999997,6.25,100.52131234680466,-0.1374999999999998,0.03750000000000021,0.175
0,15,0.4,0.4,0.16000000000000003,0.16,0.128,-2.7755575615628914e-17,-0.03200000000000003,-0.032,0.0,47.361238621103745,0.0,0.0,0.0
0,16,0.4,0.4,0.16000000000000003,0.132,0.128,-0.028000000000000025,-0.03200000000000003,-0.0040000000000000036,6.25,80.73354980356004,0.17500000000000016,0.20000000000000018,0.025000000000000022
0,17,0.4,0.4,0.16000000000000003,0.156,0.152,-0.004000000000000031,-0.008000000000000035,-0.0040000000000000036,6.25,51.2302927430931,0.025000000000000196,0.05000000000000022,0.025000000000000022
0,18,0.4,0.4,0.16000000000000003,0.214,0.21,0.053999999999999965,0.04999999999999996,-0.0040000000000000036,0.0,147.88482596928404,-0.0,-0.0,0.0
0,19,0.4,0.4,0.16000000000000003,0.142,0.136,-0.018000000000000044,-0.02400000000000002,-0.005999999999999978,6.25,77.88386235590237,0.11250000000000027,0.15000000000000013,0.03749999999999987
0,20,0.4,0.4,0.16000000000000003,0.2,0.176,0.03999999999999998,0.01599999999999996,-0.02400000000000002,0.0,93.91639140079693,-0.0,-0.0,0.0
0,21,0.4,0.4,0.16000000000000003,0.17,0.142,0.009999999999999981,-0.018000000000000044,-0.028000000000000025,6.25,70.70675993425165,-0.06249999999999988,0.11250000000000027,0.17500000000000016
0,22,0.4,0.4,0.16000000000000003,0.156,0.136,-0.004000000000000031,-0.02400000000000002,-0.01999999999999999,0.0,16.068494444468033,0.0,0.0,0.0
0,23,0.4,0.4,0.16000000000000003,0.18,0.166,0.019999999999999962,0.005999999999999978,-0.013999999999999985,6.25,58.297732592842884,-0.12499999999999976,-0.03749999999999986,0.08749999999999991
0,24,0.4,0.4,0.16000000000000003,0.16,0.148,-2.7755575615628914e-17,-0.012000000000000038,-0.01200000000000001,0.0,62.58447258121018,0.0,0.0,0.0
0,25,0.4,0.4,0.16000000000000003,0.128,0.102,-0.03200000000000003,-0.05800000000000004,-0.02600000000000001,6.25,200.98493196755928,0.20000000000000018,0.3625000000000002,0.16250000000000003
0,26,0.4,0.4,0.16000000000000003,0.15,0.152,-0.010000000000000037,-0.008000000000000035,0.0020000000000000018,6.25,8.535927453851828,0.06250000000000022,0.05000000000000022,-0.012500000000000004
0,27,0.4,0.4,0.16000000000000003,0.138,0.126,-0.02200000000000002,-0.03400000000000003,-0.01200000000000001,6.25,155.25994267039417,0.13750000000000012,0.2125000000000002,0.07500000000000007
0,28,0.4,0.4,0.16000000000000003,0.204,0.158,0.043999999999999956,-0.0020000000000000295,-0.045999999999999985,0.0,18.919604163217144,-0.0,0.0,0.0
0,29,0.4,0.4,0.16000000000000003,0.176,0.146,0.01599999999999996,-0.01400000000000004,-0.03,6.25,46.86441860960442,-0.09999999999999974,0.08750000000000024,0.1875
1,2,0.4,0.4,0.16000000000000003,0.174,0.21,0.013999999999999957,0.04999999999999996,0.036000000000000004,6.25,101.01640052168364,-0.08749999999999973,-0.3124999999999998,-0.22500000000000003
1,3,0.4,0.4,0.16000000000000003,0.134,0.168,-0.026000000000000023,0.00799999999999998,0.034,0.0,37.13037485871978,0.0,-0.0,-0.0
1,4,0.4,0.4,0.16000000000000003,0.152,0.182,-0.008000000000000035,0.021999999999999964,0.03,0.0,20.493271079150812,0.0,-0.0,-0.0
1,5,0.4,0.4,0.16000000000000003,0.232,0.3,0.07199999999999998,0.13999999999999996,0.06799999999999998,6.25,61.16596378102102,-0.4499999999999999,-0.8749999999999998,-0.4249999999999999
1,6,0.4,0.4,0.16000000000000003,0.094,0.154,-0.06600000000000003,-0.006000000000000033,0.06,6.25,23.68545185354637,0.4125000000000002,0.03750000000000021,-0.375
1,7,0.4,0.4,0.16000000000000003,0.138,0.162,-0.02200000000000002,0.001999999999999974,0.023999999999999994,6.25,29.327020468679333,0.13750000000000012,-0.012499999999999838,-0.14999999999999997
1,8,0.4,0.4,0.16000000000000003,0.118,0.12,-0.04200000000000004,-0.040000000000000036,0.0020000000000000018,0.0,11.929755384768232,0.0,0.0,0.0
1,9,0.4,0.4,0.16000000000000003,0.116,0.13,-0.044000000000000025,-0.030000000000000027,0.013999999999999999,0.0,6.776160911481802,0.0,0.0,0.0
1,10,0.4,0.4,0.16000000000000003,0.096,0.102,-0.06400000000000003,-0.05800000000000004,0.0059999999999999915,0.0,12.024589331403469,0.0,0.0,0.0
1,11,0.4,0.4,0.16000000000000003,0.13,0.166,-0.030000000000000027,0.005999999999999978,0.036000000000000004,0.0,16.013042679658803,0.0,-0.0,-0.0
1,12,0.4,0.4,0.16000000000000003,0.166,0.194,0.005999999999999978,0.033999999999999975,0.027999999999999997,0.0,51.211872625499765,-0.0,-0.0,0.0
1,13,0.4,0.4,0.16000000000000003,0.168,0.196,0.00799999999999998,0.035999999999999976,0.027999999999999997,6.25,7.2507149827494075,-0.04999999999999987,-0.22499999999999987,-0.175
1,14,0.4,0.4,0.16000000000000003,0.172,0.176,0.011999999999999955,0.01599999999999996,0.0040000000000000036,0.0,42.697301564075104,-0.0,-0.0,0.0
1,15,0.4,0.4,0.16000000000000003,0.136,0.152,-0.02400000000000002,-0.008000000000000035,0.015999999999999986,6.25,27.375362565607883,0.15000000000000013,0.05000000000000022,-0.09999999999999992
1,16,0.4,0.4,0.16000000000000003,0.134,0.144,-0.026000000000000023,-0.016000000000000042,0.009999999999999981,0.0,18.205483011728436,0.0,0.0,0.0
1,17,0.4,0.4,0.16000000000000003,0.14,0.18,-0.020000000000000018,0.019999999999999962,0.03999999999999998,0.0,32.19732054867369,0.0,-0.0,-0.0
1,18,0.4,0.4,0.16000000000000003,0.118,0.15,-0.04200000000000004,-0.010000000000000037,0.032,6.25,47.05322844388835,0.26250000000000023,0.06250000000000022,-0.2
1,19,0.4,0.4,0.16000000000000003,0.142,0.152,-0.018000000000000044,-0.008000000000000035,0.010000000000000009,0.0,39.650599263104205,0.0,0.0,0.0
1,20,0.4,0.4,0.16000000000000003,0.076,0.068,-0.08400000000000003,-0.09200000000000003,-0.007999999999999993,6.25,29.465615155965043,0.5250000000000002,0.5750000000000002,0.04999999999999993
1,21,0.4,0.4,0.16000000000000003,0.14,0.146,-0.020000000000000018,-0.01400000000000004,0.005999999999999978,0.0,2.9667252555393073,0.0,0.0,0.0
1,22,0.4,0.4,0.16000000000000003,0.184,0.192,0.023999999999999966,0.03199999999999997,0.008000000000000007,6.25,23.39527297818327,-0.1499999999999998,-0.19999999999999984,-0.050000000000000044
1,23,0.4,0.4,0.16000000000000003,0.136,0.116,-0.02400000000000002,-0.044000000000000025,-0.020000000000000004,0.0,9.748617271858253,0.0,0.0,0.0
1,24,0.4,0.4,0.16000000000000003,0.168,0.184,0.00799999999999998,0.023999999999999966,0.015999999999999986,6.25,19.13305852620445,-0.04999999999999987,-0.1499999999999998,-0.09999999999999992
1,25,0.4,0.4,0.16000000000000003,0.134,0.14,-0.026000000000000023,-0.020000000000000018,0.006000000000000005,0.0,106.52976372556819,0.0,0.0,0.0
1,26,0.4,0.4,0.16000000000000003,0.126,0.152,-0.03400000000000003,-0.008000000000000035,0.025999999999999995,0.0,34.56973809630714,0.0,0.0,0.0
1,27,0.4,0.4,0.16000000000000003,0.128,0.16,-0.03200000000000003,-2.7755575615628914e-17,0.032,0.0,63.2632776141708,0.0,0.0,0.0
1,28,0.4,0.4,0.16000000000000003,0.15,0.134,-0.010000000000000037,-0.026000000000000023,-0.015999999999999986,6.25,31.033231648707318,0.06250000000000022,0.16250000000000014,0.09999999999999992
1,29,0.4,0.4,0.16000000000000003,0.15,0.168,-0.010000000000000037,0.00799999999999998,0.018000000000000016,0.0,24.40103285254797,0.0,-0.0,-0.0
2,3,0.4,0.4,0.16000000000000003,0.214,0.21,0.053999999999999965,0.04999999999999996,-0.0040000000000000036,6.25,251.36138086703772,-0.3374999999999998,-0.3124999999999998,0.025000000000000022
2,4,0.4,0.4,0.16000000000000003,0.2,0.22,0.03999999999999998,0.05999999999999997,0.01999999999999999,6.25,126.95027608475897,-0.2499999999999999,-0.37499999999999983,-0.12499999999999994
2,5,0.4,0.4,0.16000000000000003,0.14,0.188,-0.020000000000000018,0.02799999999999997,0.04799999999999999,0.0,226.40293579797236,0.0,-0.0,-0.0
2,6,0.4,0.4,0.16000000000000003,0.144,0.172,-0.016000000000000042,0.011999999999999955,0.027999999999999997,0.0,53.43563376791521,0.0,-0.0,-0.0
2,7,0.4,0.4,0.16000000000000003,0.212,0.196,0.05199999999999996,0.035999999999999976,-0.015999999999999986,0.0,160.52967391945364,-0.0,-0.0,0.0
2,8,0.4,0.4,0.16000000000000003,0.134,0.152,-0.026000000000000023,-0.008000000000000035,0.017999999999999988,6.25,51.14559101368152,0.16250000000000014,0.05000000000000022,-0.11249999999999993
2,9,0.4,0.4,0.16000000000000003,0.106,0.124,-0.054000000000000034,-0.03600000000000003,0.018000000000000002,6.25,81.54697818821631,0.3375000000000002,0.2250000000000002,-0.11249999999999999
2,10,0.4,0.4,0.16000000000000003,0.116,0.096,-0.044000000000000025,-0.06400000000000003,-0.020000000000000004,6.25,77.92660130626282,0.27500000000000013,0.4000000000000002,0.12500000000000006
2,11,0.4,0.4,0.16000000000000003,0.176,0.172,0.01599999999999996,0.011999999999999955,-0.0040000000000000036,6.25,98.84453137916695,-0.09999999999999974,-0.07499999999999972,0.025000000000000022
2,12,0.4,0.4,0.16000000000000003,0.226,0.21,0.06599999999999998,0.04999999999999996,-0.016000000000000014,6.25,179.7879401746656,-0.41249999999999987,-0.3124999999999998,0.10000000000000009
2,13,0.4,0.4,0.16000000000000003,0.162,0.13,0.001999999999999974,-0.030000000000000027,-0.032,0.0,103.05571258492989,-0.0,0.0,0.0
2,14,0.4,0.4,0.16000000000000003,0.198,0.2,0.03799999999999998,0.03999999999999998,0.0020000000000000018,6.25,206.0104478118964,-0.23749999999999988,-0.2499999999999999,-0.012500000000000011
2,15,0.4,0.4,0.16000000000000003,0.152,0.162,-0.008000000000000035,0.001999999999999974,0.010000000000000009,0.0,130.22352274639894,0.0,-0.0,-0.0
2,16,0.4,0.4,0.16000000000000003,0.136,0.144,-0.02400000000000002,-0.016000000000000042,0.00799999999999998,6.25,156.94698542377645,0.15000000000000013,0.10000000000000026,-0.04999999999999988
2,17,0.4,0.4,0.16000000000000003,0.194,0.184,0.033999999999999975,0.023999999999999966,-0.010000000000000009,6.25,159.1076916494823,-0.21249999999999986,-0.1499999999999998,0.06250000000000006
2,18,0.4,0.4,0.16000000000000003,0.17,0.182,0.009999999999999981,0.021999999999999964,0.011999999999999983,0.0,236.18791429061878,-0.0,-0.0,0.0
2,19,0.4,0.4,0.16000000000000003,0.174,0.16,0.013999999999999957,-2.7755575615628914e-17,-0.013999999999999985,6.25,101.79134227948245,-0.08749999999999973,1.734723475976807e-16,0.08749999999999991
2,20,0.4,0.4,0.16000000000000003,0.126,0.1,-0.03400000000000003,-0.060000000000000026,-0.025999999999999995,0.0,174.94768665755458,0.0,0.0,0.0
2,21,0.4,0.4,0.16000000000000003,0.142,0.154,-0.018000000000000044,-0.006000000000000033,0.01200000000000001,6.25,109.8153806128601,0.11250000000000027,0.03750000000000021,-0.07500000000000007
2,22,0.4,0.4,0.16000000000000003,0.184,0.168,0.023999999999999966,0.00799999999999998,-0.015999999999999986,0.0,74.57790112375557,-0.0,-0.0,0.0
2,23,0.4,0.4,0.16000000000000003,0.162,0.11,0.001999999999999974,-0.05000000000000003,-0.052000000000000005,6.25,125.07057809874526,-0.012499999999999838,0.31250000000000017,0.325
2,24,0.4,0.4,0.16000000000000003,0.2,0.192,0.03999999999999998,0.03199999999999997,-0.008000000000000007,0.0,143.97852555476197,-0.0,-0.0,0.0
2,25,0.4,0.4,0.16000000000000003,0.194,0.2,0.033999999999999975,0.03999999999999998,0.006000000000000005,6.25,372.9346320084144,-0.21249999999999986,-0.2499999999999999,-0.03750000000000003
2,26,0.4,0.4,0.16000000000000003,0.09,0.108,-0.07000000000000003,-0.05200000000000003,0.018000000000000002,6.25,43.10596287278143,0.4375000000000002,0.3250000000000002,-0.11250000000000004
2,27,0.4,0.4,0.16000000000000003,0.172,0.2,0.011999999999999955,0.03999999999999998,0.028000000000000025,6.25,294.17621778021993,-0.07499999999999972,-0.2499999999999999,-0.17500000000000016
2,28,0.4,0.4,0.16000000000000003,0.15,0.112,-0.010000000000000037,-0.04800000000000003,-0.03799999999999999,0.0,55.89879297729702,0.0,0.0,0.0
2,29,0.4,0.4,0.16000000000000003,0.184,0.154,0.023999999999999966,-0.006000000000000033,-0.03,6.25,134.05778483132042,-0.1499999999999998,0.03750000000000021,0.1875
3,4,0.4,0.4,0.16000000000000003,0.16,0.166,-2.7755575615628914e-17,0.005999999999999978,0.006000000000000005,0.0,38.54759503795676,0.0,-0.0,-0.0
3,5,0.4,0.4,0.16000000000000003,0.12,0.176,-0.040000000000000036,0.01599999999999996,0.055999999999999994,6.25,43.377294122844596,0.2500000000000002,-0.09999999999999974,-0.35
3,6,0.4,0.4,0.16000000000000003,0.146,0.198,-0.01400000000000004,0.03799999999999998,0.05200000000000002,6.25,90.00325543280603,0.08750000000000024,-0.23749999999999988,-0.3250000000000001
3,7,0.4,0.4,0.16000000000000003,0.154,0.136,-0.006000000000000033,-0.02400000000000002,-0.017999999999999988,6.25,30.956979436501538,0.03750000000000021,0.15000000000000013,0.11249999999999993
3,8,0.4,0.4,0.16000000000000003,0.12,0.146,-0.040000000000000036,-0.01400000000000004,0.025999999999999995,0.0,78.39654244774275,0.0,0.0,0.0
3,9,0.4,0.4,0.16000000000000003,0.138,0.144,-0.02200000000000002,-0.016000000000000042,0.005999999999999978,0.0,60.00285929351372,0.0,0.0,0.0
3,10,0.4,0.4,0.16000000000000003,0.124,0.14,-0.03600000000000003,-0.020000000000000018,0.016000000000000014,0.0,73.84125174248757,0.0,0.0,0.0
3,11,0.4,0.4,0.16000000000000003,0.192,0.188,0.03199999999999997,0.02799999999999997,-0.0040000000000000036,0.0,57.95641524102422,-0.0,-0.0,0.0
3,12,0.4,0.4,0.16000000000000003,0.232,0.232,0.07199999999999998,0.07199999999999998,0.0,0.0,58.76987682533202,-0.0,-0.0,0.0
3,13,0.4,0.4,0.16000000000000003,0.162,0.166,0.001999999999999974,0.005999999999999978,0.0040000000000000036,6.25,48.68701260417039,-0.012499999999999838,-0.03749999999999986,-0.025000000000000022
3,14,0.4,0.4,0.16000000000000003,0.172,0.2,0.011999999999999955,0.03999999999999998,0.028000000000000025,0.0,36.93339140010633,-0.0,-0.0,0.0
3,15,0.4,0.4,0.16000000000000003,0.166,0.172,0.005999999999999978,0.011999999999999955,0.005999999999999978,6.25,45.01171027651213,-0.03749999999999986,-0.07499999999999972,-0.03749999999999986
3,16,0.4,0.4,0.16000000000000003,0.08,0.088,-0.08000000000000003,-0.07200000000000004,0.007999999999999993,0.0,24.649683913839937,0.0,0.0,0.0
3,17,0.4,0.4,0.16000000000000003,0.152,0.146,-0.008000000000000035,-0.01400000000000004,-0.006000000000000005,0.0,32.59549750124983,0.0,0.0,0.0
3,18,0.4,0.4,0.16000000000000003,0.168,0.188,0.00799999999999998,0.02799999999999997,0.01999999999999999,6.25,36.03739439375543,-0.04999999999999987,-0.17499999999999982,-0.12499999999999994
3,19,0.4,0.4,0.16000000000000003,0.22,0.2,0.05999999999999997,0.03999999999999998,-0.01999999999999999,0.0,104.49646037285156,-0.0,-0.0,0.0
3,20,0.4,0.4,0.16000000000000003,0.17,0.132,0.009999999999999981,-0.028000000000000025,-0.038000000000000006,6.25,32.34388246224563,-0.06249999999999988,0.17500000000000016,0.23750000000000004
3,21,0.4,0.4,0.16000000000000003,0.116,0.12,-0.044000000000000025,-0.040000000000000036,0.00399999999999999,0.0,42.20386267240001,0.0,0.0,0.0
3,22,0.4,0.4,0.16000000000000003,0.17,0.194,0.009999999999999981,0.033999999999999975,0.023999999999999994,6.25,77.58153280150779,-0.06249999999999988,-0.21249999999999986,-0.14999999999999997
3,23,0.4,0.4,0.16000000000000003,0.178,0.164,0.01799999999999996,0.003999999999999976,-0.013999999999999985,0.0,33.00841487168706,-0.0,-0.0,0.0
3,24,0.4,0.4,0.16000000000000003,0.164,0.166,0.003999999999999976,0.005999999999999978,0.0020000000000000018,6.25,38.63640448436104,-0.02499999999999985,-0.03749999999999986,-0.012500000000000011
3,25,0.4,0.4,0.16000000000000003,0.116,0.12,-0.044000000000000025,-0.040000000000000036,0.00399999999999999,0.0,27.14093617369242,0.0,0.0,0.0
3,26,0.4,0.4,0.16000000000000003,0.116,0.18,-0.044000000000000025,0.019999999999999962,0.06399999999999999,0.0,108.2691620871308,0.0,-0.0,-0.0
3,27,0.4,0.4,0.16000000000000003,0.154,0.168,-0.006000000000000033,0.00799999999999998,0.014000000000000012,0.0,13.668296974589756,0.0,-0.0,-0.0
3,28,0.4,0.4,0.16000000000000003,0.224,0.188,0.06399999999999997,0.02799999999999997,-0.036000000000000004,6.25,100.41352326694135,-0.39999999999999986,-0.17499999999999982,0.22500000000000003
3,29,0.4,0.4,0.16000000000000003,0.192,0.178,0.03199999999999997,0.01799999999999996,-0.014000000000000012,0.0,45.37017205735802,-0.0,-0.0,0.0
4,5,0.4,0.4,0.16000000000000003,0.114,0.164,-0.04600000000000003,0.003999999999999976,0.05,6.25,34.250591699482435,0.28750000000000014,-0.02499999999999985,-0.3125
4,6,0.4,0.4,0.16000000000000003,0.124,0.152,-0.03600000000000003,-0.008000000000000035,0.027999999999999997,6.25,16.286695516303336,0.2250000000000002,0.05000000000000022,-0.175
4,7,0.4,0.4,0.16000000000000003,0.182,0.162,0.021999999999999964,0.001999999999999974,-0.01999999999999999,6.25,6.533670259424367,-0.1374999999999998,-0.012499999999999838,0.12499999999999994
4,8,0.4,0.4,0.16000000000000003,0.146,0.166,-0.01400000000000004,0.005999999999999978,0.020000000000000018,0.0,20.497368947236343,0.0,-0.0,-0.0
4,9,0.4,0.4,0.16000000000000003,0.178,0.182,0.01799999999999996,0.021999999999999964,0.0040000000000000036,0.0,19.92294393542645,-0.0,-0.0,0.0
4,10,0.4,0.4,0.16000000000000003,0.118,0.108,-0.04200000000000004,-0.05200000000000003,-0.009999999999999995,0.0,30.723774298636805,0.0,0.0,0.0
4,11,0.4,0.4,0.16000000000000003,0.106,0.14,-0.054000000000000034,-0.020000000000000018,0.034000000000000016,0.0,7.779269397828839,0.0,0.0,0.0
4,12,0.4,0.4,0.16000000000000003,0.198,0.196,0.03799999999999998,0.035999999999999976,-0.0020000000000000018,0.0,23.25459188956709,-0.0,-0.0,0.0
4,13,0.4,0.4,0.16000000000000003,0.188,0.17,0.02799999999999997,0.009999999999999981,-0.017999999999999988,6.25,20.90348055483969,-0.17499999999999982,-0.06249999999999988,0.11249999999999993
4,14,0.4,0.4,0.16000000000000003,0.164,0.168,0.003999999999999976,0.00799999999999998,0.0040000000000000036,0.0,27.65888925613826,-0.0,-0.0,0.0
4,15,0.4,0.4,0.16000000000000003,0.106,0.104,-0.054000000000000034,-0.056000000000000036,-0.0020000000000000018,6.25,14.91189626131527,0.3375000000000002,0.3500000000000002,0.012500000000000011
4,16,0.4,0.4,0.16000000000000003,0.12,0.172,-0.040000000000000036,0.011999999999999955,0.05199999999999999,0.0,24.110293482425575,0.0,-0.0,-0.0
4,17,0.4,0.4,0.16000000000000003,0.112,0.114,-0.04800000000000003,-0.04600000000000003,0.0020000000000000018,0.0,3.7350454074327297,0.0,0.0,0.0
4,18,0.4,0.4,0.16000000000000003,0.188,0.208,0.02799999999999997,0.04799999999999996,0.01999999999999999,6.25,57.435993503986396,-0.17499999999999982,-0.29999999999999977,-0.12499999999999994
4,19,0.4,0.4,0.16000000000000003,0.17,0.146,0.009999999999999981,-0.01400000000000004,-0.02400000000000002,0.0,63.022196111942726,-0.0,0.0,0.0
4,20,0.4,0.4,0.16000000000000003,0.162,0.138,0.001999999999999974,-0.02200000000000002,-0.023999999999999994,6.25,32.884683452697864,-0.012499999999999838,0.13750000000000012,0.14999999999999997
4,21,0.4,0.4,0.16000000000000003,0.116,0.13,-0.044000000000000025,-0.030000000000000027,0.013999999999999999,0.0,25.00209004574878,0.0,0.0,0.0
4,22,0.4,0.4,0.16000000000000003,0.166,0.172,0.005999999999999978,0.011999999999999955,0.005999999999999978,6.25,10.314878178965973,-0.03749999999999986,-0.07499999999999972,-0.03749999999999986
4,23,0.4,0.4,0.16000000000000003,0.146,0.126,-0.01400000000000004,-0.03400000000000003,-0.01999999999999999,0.0,13.195504173476351,0.0,0.0,0.0
4,24,0.4,0.4,0.16000000000000003,0.14,0.146,-0.020000000000000018,-0.01400000000000004,0.005999999999999978,6.25,9.713475616091308,0.1250000000000001,0.08750000000000024,-0.03749999999999987
4,25,0.4,0.4,0.16000000000000003,0.146,0.142,-0.01400000000000004,-0.018000000000000044,-0.0040000000000000036,0.0,70.39390164363924,0.0,0.0,0.0
4,26,0.4,0.4,0.16000000000000003,0.142,0.16,-0.018000000000000044,-2.7755575615628914e-17,0.018000000000000016,0.0,30.14563418724542,0.0,0.0,0.0
4,27,0.4,0.4,0.16000000000000003,0.146,0.17,-0.01400000000000004,0.009999999999999981,0.02400000000000002,0.0,42.65056736770677,0.0,-0.0,-0.0
4,28,0.4,0.4,0.16000000000000003,0.134,0.132,-0.026000000000000023,-0.028000000000000025,-0.0020000000000000018,6.25,30.9915852718785,0.16250000000000014,0.17500000000000016,0.012500000000000011
4,29,0.4,0.4,0.16000000000000003,0.158,0.162,-0.0020000000000000295,0.001999999999999974,0.0040000000000000036,0.0,6.23190824168966,0.0,-0.0,-0.0
5,6,0.4,0.4,0.16000000000000003,0.138,0.198,-0.02200000000000002,0.03799999999999998,0.06,0.0,71.55307269955263,0.0,-0.0,-0.0
5,7,0.4,0.4,0.16000000000000003,0.14,0.164,-0.020000000000000018,0.003999999999999976,0.023999999999999994,0.0,15.10245762497836,0.0,-0.0,-0.0
5,8,0.4,0.4,0.16000000000000003,0.14,0.168,-0.020000000000000018,0.00799999999999998,0.027999999999999997,6.25,78.70957920559097,0.1250000000000001,-0.04999999999999987,-0.175
5,9,0.4,0.4,0.16000000000000003,0.14,0.166,-0.020000000000000018,0.005999999999999978,0.025999999999999995,6.25,54.14957970136765,0.1250000000000001,-0.03749999999999986,-0.16249999999999998
5,10,0.4,0.4,0.16000000000000003,0.192,0.184,0.03199999999999997,0.023999999999999966,-0.008000000000000007,6.25,102.27097708822517,-0.19999999999999984,-0.1499999999999998,0.050000000000000044
5,11,0.4,0.4,0.16000000000000003,0.14,0.188,-0.020000000000000018,0.02799999999999997,0.04799999999999999,6.25,51.48579208894518,0.1250000000000001,-0.17499999999999982,-0.29999999999999993
5,12,0.4,0.4,0.16000000000000003,0.126,0.16,-0.03400000000000003,-2.7755575615628914e-17,0.034,6.25,12.37691738430564,0.2125000000000002,1.734723475976807e-16,-0.21250000000000002
5,13,0.4,0.4,0.16000000000000003,0.16,0.182,-2.7755575615628914e-17,0.021999999999999964,0.021999999999999992,0.0,47.78679726779012,0.0,-0.0,-0.0
5,14,0.4,0.4,0.16000000000000003,0.116,0.134,-0.044000000000000025,-0.026000000000000023,0.018000000000000002,6.25,7.631996140850592,0.27500000000000013,0.16250000000000014,-0.11249999999999999
5,15,0.4,0.4,0.16000000000000003,0.106,0.13,-0.054000000000000034,-0.030000000000000027,0.024000000000000007,0.0,19.133997755431444,0.0,0.0,0.0
5,16,0.4,0.4,0.16000000000000003,0.13,0.134,-0.030000000000000027,-0.026000000000000023,0.0040000000000000036,6.25,19.099907141985863,0.18750000000000017,0.16250000000000014,-0.025000000000000022
5,17,0.4,0.4,0.16000000000000003,0.132,0.16,-0.028000000000000025,-2.7755575615628914e-17,0.027999999999999997,6.25,22.426706264421504,0.17500000000000016,1.734723475976807e-16,-0.175
5,18,0.4,0.4,0.16000000000000003,0.09,0.136,-0.07000000000000003,-0.02400000000000002,0.04600000000000001,0.0,22.856006616592772,0.0,0.0,0.0
5,19,0.4,0.4,0.16000000000000003,0.116,0.152,-0.044000000000000025,-0.008000000000000035,0.03599999999999999,6.25,72.37692321709461,0.27500000000000013,0.05000000000000022,-0.22499999999999992
5,20,0.4,0.4,0.16000000000000003,0.122,0.122,-0.038000000000000034,-0.038000000000000034,0.0,0.0,18.193958660159243,0.0,0.0,0.0
5,21,0.4,0.4,0.16000000000000003,0.144,0.172,-0.016000000000000042,0.011999999999999955,0.027999999999999997,6.25,71.19929050036066,0.10000000000000026,-0.07499999999999972,-0.175
5,22,0.4,0.4,0.16000000000000003,0.15,0.184,-0.010000000000000037,0.023999999999999966,0.034,0.0,50.552769954220935,0.0,-0.0,-0.0
5,23,0.4,0.4,0.16000000000000003,0.15,0.15,-0.010000000000000037,-0.010000000000000037,0.0,6.25,24.647522563379646,0.06250000000000022,0.06250000000000022,0.0
5,24,0.4,0.4,0.16000000000000003,0.148,0.172,-0.012000000000000038,0.011999999999999955,0.023999999999999994,0.0,29.344430714014266,0.0,-0.0,-0.0
5,25,0.4,0.4,0.16000000000000003,0.114,0.148,-0.04600000000000003,-0.012000000000000038,0.03399999999999999,6.25,41.24185045459024,0.28750000000000014,0.07500000000000023,-0.2124999999999999
5,26,0.4,0.4,0.16000000000000003,0.13,0.168,-0.030000000000000027,0.00799999999999998,0.038000000000000006,6.25,92.03282473483826,0.18750000000000017,-0.04999999999999987,-0.23750000000000004
5,27,0.4,0.4,0.16000000000000003,0.134,0.17,-0.026000000000000023,0.009999999999999981,0.036000000000000004,6.25,21.516590095628406,0.16250000000000014,-0.06249999999999988,-0.22500000000000003
5,28,0.4,0.4,0.16000000000000003,0.148,0.138,-0.012000000000000038,-0.02200000000000002,-0.009999999999999981,0.0,65.67256238203706,0.0,0.0,0.0
5,29,0.4,0.4,0.16000000000000003,0.136,0.184,-0.02400000000000002,0.023999999999999966,0.04799999999999999,6.25,20.147228378333264,0.15000000000000013,-0.1499999999999998,-0.29999999999999993
6,7,0.4,0.4,0.16000000000000003,0.132,0.152,-0.028000000000000025,-0.008000000000000035,0.01999999999999999,0.0,31.491580111069915,0.0,0.0,0.0
6,8,0.4,0.4,0.16000000000000003,0.118,0.166,-0.04200000000000004,0.005999999999999978,0.048000000000000015,6.25,4.167925510558431,0.26250000000000023,-0.03749999999999986,-0.3000000000000001
6,9,0.4,0.4,0.16000000000000003,0.12,0.158,-0.040000000000000036,-0.0020000000000000295,0.038000000000000006,6.25,13.519548936235841,0.2500000000000002,0.012500000000000185,-0.23750000000000004
6,10,0.4,0.4,0.16000000000000003,0.14,0.146,-0.020000000000000018,-0.01400000000000004,0.005999999999999978,6.25,21.615906413175153,0.1250000000000001,0.08750000000000024,-0.03749999999999987
6,11,0.4,0.4,0.16000000000000003,0.124,0.18,-0.03600000000000003,0.019999999999999962,0.055999999999999994,6.25,11.05724110763937,0.2250000000000002,-0.12499999999999976,-0.35
6,12,0.4,0.4,0.16000000000000003,0.158,0.166,-0.0020000000000000295,0.005999999999999978,0.008000000000000007,6.25,45.682465604178304,0.012500000000000185,-0.03749999999999986,-0.050000000000000044
6,13,0.4,0.4,0.16000000000000003,0.138,0.164,-0.02200000000000002,0.003999999999999976,0.025999999999999995,0.0,23.015576766925548,0.0,-0.0,-0.0
6,14,0.4,0.4,0.16000000000000003,0.124,0.178,-0.03600000000000003,0.01799999999999996,0.05399999999999999,6.25,60.60398698573226,0.2250000000000002,-0.11249999999999975,-0.33749999999999997
6,15,0.4,0.4,0.16000000000000003,0.116,0.158,-0.044000000000000025,-0.0020000000000000295,0.041999999999999996,0.0,26.582372558589398,0.0,0.0,0.0
6,16,0.4,0.4,0.16000000000000003,0.15,0.148,-0.010000000000000037,-0.012000000000000038,-0.0020000000000000018,6.25,44.62011572529674,0.06250000000000022,0.07500000000000023,0.012500000000000011
6,17,0.4,0.4,0.16000000000000003,0.136,0.156,-0.02400000000000002,-0.004000000000000031,0.01999999999999999,6.25,29.818227339132033,0.15000000000000013,0.025000000000000196,-0.12499999999999994
6,18,0.4,0.4,0.16000000000000003,0.156,0.19,-0.004000000000000031,0.02999999999999997,0.034,0.0,92.92296457894271,0.0,-0.0,-0.0
6,19,0.4,0.4,0.16000000000000003,0.146,0.166,-0.01400000000000004,0.005999999999999978,0.020000000000000018,6.25,49.189889192717374,0.08750000000000024,-0.03749999999999986,-0.1250000000000001
6,20,0.4,0.4,0.16000000000000003,0.148,0.156,-0.012000000000000038,-0.004000000000000031,0.008000000000000007,0.0,54.636353674149134,0.0,0.0,0.0
6,21,0.4,0.4,0.16000000000000003,0.15,0.17,-0.010000000000000037,0.009999999999999981,0.020000000000000018,6.25,29.19078782586123,0.06250000000000022,-0.06249999999999988,-0.1250000000000001
6,22,0.4,0.4,0.16000000000000003,0.144,0.158,-0.016000000000000042,-0.0020000000000000295,0.014000000000000012,0.0,2.5998029321803,0.0,0.0,0.0
6,23,0.4,0.4,0.16000000000000003,0.138,0.158,-0.02200000000000002,-0.0020000000000000295,0.01999999999999999,6.25,24.556371584484854,0.13750000000000012,0.012500000000000185,-0.12499999999999994
6,24,0.4,0.4,0.16000000000000003,0.134,0.156,-0.026000000000000023,-0.004000000000000031,0.021999999999999992,0.0,27.60924437713508,0.0,0.0,0.0
6,25,0.4,0.4,0.16000000000000003,0.142,0.168,-0.018000000000000044,0.00799999999999998,0.026000000000000023,6.25,151.04682545590697,0.11250000000000027,-0.04999999999999987,-0.16250000000000014
6,26,0.4,0.4,0.16000000000000003,0.106,0.162,-0.054000000000000034,0.001999999999999974,0.05600000000000001,6.25,5.821506054813513,0.3375000000000002,-0.012499999999999838,-0.35000000000000003
6,27,0.4,0.4,0.16000000000000003,0.148,0.198,-0.012000000000000038,0.03799999999999998,0.05000000000000002,6.25,104.2901963630423,0.07500000000000023,-0.23749999999999988,-0.3125000000000001
6,28,0.4,0.4,0.16000000000000003,0.134,0.162,-0.026000000000000023,0.001999999999999974,0.027999999999999997,0.0,11.247889549623338,0.0,-0.0,-0.0
6,29,0.4,0.4,0.16000000000000003,0.142,0.166,-0.018000000000000044,0.005999999999999978,0.02400000000000002,6.25,20.84247208051299,0.11250000000000027,-0.03749999999999986,-0.15000000000000013
7,8,0.4,0.4,0.16000000000000003,0.174,0.156,0.013999999999999957,-0.004000000000000031,-0.017999999999999988,6.25,37.8593780964321,-0.08749999999999973,0.025000000000000196,0.11249999999999993
7,9,0.4,0.4,0.16000000000000003,0.154,0.15,-0.006000000000000033,-0.010000000000000037,-0.0040000000000000036,6.25,28.270107764364354,0.03750000000000021,0.06250000000000022,0.025000000000000015
7,10,0.4,0.4,0.16000000000000003,0.188,0.16,0.02799999999999997,-2.7755575615628914e-17,-0.027999999999999997,6.25,55.62573201816592,-0.17499999999999982,1.734723475976807e-16,0.175
7,11,0.4,0.4,0.16000000000000003,0.172,0.156,0.011999999999999955,-0.004000000000000031,-0.015999999999999986,6.25,22.123638747859893,-0.07499999999999972,0.025000000000000196,0.09999999999999992
7,12,0.4,0.4,0.16000000000000003,0.168,0.134,0.00799999999999998,-0.026000000000000023,-0.034,6.25,10.12937376558243,-0.04999999999999987,0.16250000000000014,0.21250000000000002
7,13,0.4,0.4,0.16000000000000003,0.178,0.162,0.01799999999999996,0.001999999999999974,-0.015999999999999986,0.0,30.083200183043715,-0.0,-0.0,0.0
7,14,0.4,0.4,0.16000000000000003,0.172,0.156,0.011999999999999955,-0.004000000000000031,-0.015999999999999986,6.25,17.144156339884255,-0.07499999999999972,0.025000000000000196,0.09999999999999992
7,15,0.4,0.4,0.16000000000000003,0.136,0.138,-0.02400000000000002,-0.02200000000000002,0.0020000000000000018,0.0,6.222195671220333,0.0,0.0,0.0
7,16,0.4,0.4,0.16000000000000003,0.144,0.13,-0.016000000000000042,-0.030000000000000027,-0.013999999999999985,6.25,15.814087858571636,0.10000000000000026,0.18750000000000017,0.08749999999999991
7,17,0.4,0.4,0.16000000000000003,0.15,0.134,-0.010000000000000037,-0.026000000000000023,-0.015999999999999986,6.25,2.1760872454009212,0.06250000000000022,0.16250000000000014,0.09999999999999992
7,18,0.4,0.4,0.16000000000000003,0.168,0.168,0.00799999999999998,0.00799999999999998,0.0,0.0,41.49954668770649,-0.0,-0.0,0.0
7,19,0.4,0.4,0.16000000000000003,0.204,0.172,0.043999999999999956,0.011999999999999955,-0.032,6.25,72.21906545435355,-0.27499999999999974,-0.07499999999999972,0.2
7,20,0.4,0.4,0.16000000000000003,0.158,0.112,-0.0020000000000000295,-0.04800000000000003,-0.046,0.0,15.059545670466013,0.0,0.0,0.0
7,21,0.4,0.4,0.16000000000000003,0.146,0.154,-0.01400000000000004,-0.006000000000000033,0.008000000000000007,6.25,36.774998545668225,0.08750000000000024,0.03750000000000021,-0.05000000000000004
7,22,0.4,0.4,0.16000000000000003,0.182,0.132,0.021999999999999964,-0.028000000000000025,-0.04999999999999999,0.0,20.10142221025277,-0.0,0.0,0.0
7,23,0.4,0.4,0.16000000000000003,0.18,0.13,0.019999999999999962,-0.030000000000000027,-0.04999999999999999,6.25,10.082526504440622,-0.12499999999999976,0.18750000000000017,0.31249999999999994
7,24,0.4,0.4,0.16000000000000003,0.174,0.152,0.013999999999999957,-0.008000000000000035,-0.021999999999999992,0.0,12.92916763450733,-0.0,0.0,0.0
7,25,0.4,0.4,0.16000000000000003,0.136,0.132,-0.02400000000000002,-0.028000000000000025,-0.0040000000000000036,6.25,53.70470741414549,0.15000000000000013,0.17500000000000016,0.025000000000000022
7,26,0.4,0.4,0.16000000000000003,0.11,0.122,-0.05000000000000003,-0.038000000000000034,0.011999999999999997,6.25,43.458587453734765,0.31250000000000017,0.2375000000000002,-0.07499999999999996
7,27,0.4,0.4,0.16000000000000003,0.16,0.146,-2.7755575615628914e-17,-0.01400000000000004,-0.014000000000000012,6.25,28.67616123289157,1.734723475976807e-16,0.08750000000000024,0.08750000000000008
7,28,0.4,0.4,0.16000000000000003,0.148,0.128,-0.012000000000000038,-0.03200000000000003,-0.01999999999999999,0.0,43.456341386550335,0.0,0.0,0.0
7,29,0.4,0.4,0.16000000000000003,0.158,0.15,-0.0020000000000000295,-0.010000000000000037,-0.008000000000000007,6.25,5.286470744742285,0.012500000000000185,0.06250000000000022,0.05000000000000004
8,9,0.4,0.4,0.16000000000000003,0.112,0.158,-0.04800000000000003,-0.0020000000000000295,0.046,0.0,8.40226267269684,0.0,0.0,0.0
8,10,0.4,0.4,0.16000000000000003,0.14,0.14,-0.020000000000000018,-0.020000000000000018,0.0,0.0,10.905513878579097,0.0,0.0,0.0
8,11,0.4,0.4,0.16000000000000003,0.138,0.166,-0.02200000000000002,0.005999999999999978,0.027999999999999997,0.0,11.883504470439789,0.0,-0.0,-0.0
8,12,0.4,0.4,0.16000000000000003,0.188,0.18,0.02799999999999997,0.019999999999999962,-0.008000000000000007,0.0,58.39380029140292,-0.0,-0.0,0.0
8,13,0.4,0.4,0.16000000000000003,0.16,0.166,-2.7755575615628914e-17,0.005999999999999978,0.006000000000000005,6.25,14.195793058219053,1.734723475976807e-16,-0.03749999999999986,-0.03750000000000003
8,14,0.4,0.4,0.16000000000000003,0.134,0.178,-0.026000000000000023,0.01799999999999996,0.043999999999999984,0.0,62.749233321098636,0.0,-0.0,-0.0
8,15,0.4,0.4,0.16000000000000003,0.146,0.162,-0.01400000000000004,0.001999999999999974,0.016000000000000014,6.25,30.710835327834143,0.08750000000000024,-0.012499999999999838,-0.10000000000000009
8,16,0.4,0.4,0.16000000000000003,0.146,0.152,-0.01400000000000004,-0.008000000000000035,0.006000000000000005,0.0,37.489580831151905,0.0,0.0,0.0
8,17,0.4,0.4,0.16000000000000003,0.146,0.188,-0.01400000000000004,0.02799999999999997,0.04200000000000001,0.0,36.60675372866928,0.0,-0.0,-0.0
8,18,0.4,0.4,0.16000000000000003,0.168,0.184,0.00799999999999998,0.023999999999999966,0.015999999999999986,6.25,83.69275862240893,-0.04999999999999987,-0.1499999999999998,-0.09999999999999992
8,19,0.4,0.4,0.16000000000000003,0.158,0.172,-0.0020000000000000295,0.011999999999999955,0.013999999999999985,0.0,37.92375558257794,0.0,-0.0,-0.0
8,20,0.4,0.4,0.16000000000000003,0.158,0.176,-0.0020000000000000295,0.01599999999999996,0.017999999999999988,6.25,52.61346270305374,0.012500000000000185,-0.09999999999999974,-0.11249999999999993
8,21,0.4,0.4,0.16000000000000003,0.136,0.142,-0.02400000000000002,-0.018000000000000044,0.005999999999999978,0.0,17.26406662418921,0.0,0.0,0.0
8,22,0.4,0.4,0.16000000000000003,0.166,0.162,0.005999999999999978,0.001999999999999974,-0.0040000000000000036,6.25,9.04797104452628,-0.03749999999999986,-0.012499999999999838,0.025000000000000022
8,23,0.4,0.4,0.16000000000000003,0.184,0.15,0.023999999999999966,-0.010000000000000037,-0.034,0.0,21.64668996573904,-0.0,0.0,0.0
8,24,0.4,0.4,0.16000000000000003,0.16,0.17,-2.7755575615628914e-17,0.009999999999999981,0.010000000000000009,6.25,28.93007980494705,1.734723475976807e-16,-0.06249999999999988,-0.06250000000000006
8,25,0.4,0.4,0.16000000000000003,0.158,0.148,-0.0020000000000000295,-0.012000000000000038,-0.010000000000000009,0.0,150.75069490518507,0.0,0.0,0.0
8,26,0.4,0.4,0.16000000000000003,0.142,0.16,-0.018000000000000044,-2.7755575615628914e-17,0.018000000000000016,0.0,10.419796606694979,0.0,0.0,0.0
8,27,0.4,0.4,0.16000000000000003,0.174,0.2,0.013999999999999957,0.03999999999999998,0.026000000000000023,0.0,102.39669093395665,-0.0,-0.0,0.0
8,28,0.4,0.4,0.16000000000000003,0.144,0.146,-0.016000000000000042,-0.01400000000000004,0.0020000000000000018,6.25,10.956398641316055,0.10000000000000026,0.08750000000000024,-0.012500000000000011
8,29,0.4,0.4,0.16000000000000003,0.162,0.172,0.001999999999999974,0.011999999999999955,0.009999999999999981,0.0,27.202429398415468,-0.0,-0.0,0.0
9,10,0.4,0.4,0.16000000000000003,0.152,0.132,-0.008000000000000035,-0.028000000000000025,-0.01999999999999999,0.0,13.331877096109242,0.0,0.0,0.0
9,11,0.4,0.4,0.16000000000000003,0.146,0.146,-0.01400000000000004,-0.01400000000000004,0.0,0.0,8.719651416902593,0.0,0.0,0.0
9,12,0.4,0.4,0.16000000000000003,0.136,0.148,-0.02400000000000002,-0.012000000000000038,0.011999999999999983,0.0,36.14023614931496,0.0,0.0,0.0
9,13,0.4,0.4,0.16000000000000003,0.146,0.142,-0.01400000000000004,-0.018000000000000044,-0.0040000000000000036,6.25,3.932175378400823,0.08750000000000024,0.11250000000000027,0.025000000000000022
9,14,0.4,0.4,0.16000000000000003,0.134,0.14,-0.026000000000000023,-0.020000000000000018,0.006000000000000005,0.0,34.61843872596316,0.0,0.0,0.0
9,15,0.4,0.4,0.16000000000000003,0.142,0.148,-0.018000000000000044,-0.012000000000000038,0.006000000000000005,6.25,24.5749743012294,0.11250000000000027,0.07500000000000023,-0.03750000000000003
9,16,0.4,0.4,0.16000000000000003,0.148,0.15,-0.012000000000000038,-0.010000000000000037,0.0020000000000000018,0.0,22.588707387089322,0.0,0.0,0.0
9,17,0.4,0.4,0.16000000000000003,0.164,0.166,0.003999999999999976,0.005999999999999978,0.0020000000000000018,0.0,33.76640670680446,-0.0,-0.0,0.0
9,18,0.4,0.4,0.16000000000000003,0.112,0.126,-0.04800000000000003,-0.03400000000000003,0.013999999999999999,6.25,45.81647069131877,0.30000000000000016,0.2125000000000002,-0.08749999999999997
9,19,0.4,0.4,0.16000000000000003,0.15,0.16,-0.010000000000000037,-2.7755575615628914e-17,0.010000000000000009,0.0,25.18180290561322,0.0,0.0,0.0
9,20,0.4,0.4,0.16000000000000003,0.152,0.142,-0.008000000000000035,-0.018000000000000044,-0.010000000000000009,6.25,30.299855379417735,0.05000000000000022,0.11250000000000027,0.06250000000000006
9,21,0.4,0.4,0.16000000000000003,0.114,0.116,-0.04600000000000003,-0.044000000000000025,0.0020000000000000018,0.0,7.717901214716838,0.0,0.0,0.0
9,22,0.4,0.4,0.16000000000000003,0.146,0.144,-0.01400000000000004,-0.016000000000000042,-0.0020000000000000018,6.25,10.673871296160135,0.08750000000000024,0.10000000000000026,0.012500000000000011
9,23,0.4,0.4,0.16000000000000003,0.154,0.13,-0.006000000000000033,-0.030000000000000027,-0.023999999999999994,0.0,7.740863100359482,0.0,0.0,0.0
9,24,0.4,0.4,0.16000000000000003,0.114,0.13,-0.04600000000000003,-0.030000000000000027,0.016,6.25,12.53707101320283,0.28750000000000014,0.18750000000000017,-0.09999999999999998
9,25,0.4,0.4,0.16000000000000003,0.124,0.162,-0.03600000000000003,0.001999999999999974,0.038000000000000006,0.0,124.13403297546537,0.0,-0.0,-0.0
9,26,0.4,0.4,0.16000000000000003,0.136,0.158,-0.02400000000000002,-0.0020000000000000295,0.021999999999999992,0.0,27.676533703905523,0.0,0.0,0.0
9,27,0.4,0.4,0.16000000000000003,0.14,0.182,-0.020000000000000018,0.021999999999999964,0.04199999999999998,0.0,73.28919066735428,0.0,-0.0,-0.0
9,28,0.4,0.4,0.16000000000000003,0.166,0.156,0.005999999999999978,-0.004000000000000031,-0.010000000000000009,6.25,18.531627705872815,-0.03749999999999986,0.025000000000000196,0.06250000000000006
9,29,0.4,0.4,0.16000000000000003,0.15,0.154,-0.010000000000000037,-0.006000000000000033,0.0040000000000000036,0.0,15.039657914231691,0.0,0.0,0.0
10,11,0.4,0.4,0.16000000000000003,0.114,0.124,-0.04600000000000003,-0.03600000000000003,0.009999999999999995,0.0,13.19201103137178,0.0,0.0,0.0
10,12,0.4,0.4,0.16000000000000003,0.194,0.19,0.033999999999999975,0.02999999999999997,-0.0040000000000000036,0.0,77.8059731572485,-0.0,-0.0,0.0
10,13,0.4,0.4,0.16000000000000003,0.142,0.138,-0.018000000000000044,-0.02200000000000002,-0.003999999999999976,6.25,15.277089466216783,0.11250000000000027,0.13750000000000012,0.024999999999999856
10,14,0.4,0.4,0.16000000000000003,0.156,0.15,-0.004000000000000031,-0.010000000000000037,-0.006000000000000005,0.0,70.39271201655058,0.0,0.0,0.0
10,15,0.4,0.4,0.16000000000000003,0.208,0.196,0.04799999999999996,0.035999999999999976,-0.011999999999999983,6.25,59.21385903917877,-0.29999999999999977,-0.22499999999999987,0.0749999999999999
10,16,0.4,0.4,0.16000000000000003,0.18,0.162,0.019999999999999962,0.001999999999999974,-0.017999999999999988,0.0,53.049298731212446,-0.0,-0.0,0.0
10,17,0.4,0.4,0.16000000000000003,0.166,0.148,0.005999999999999978,-0.012000000000000038,-0.018000000000000016,0.0,53.89549288033441,-0.0,0.0,0.0
10,18,0.4,0.4,0.16000000000000003,0.18,0.166,0.019999999999999962,0.005999999999999978,-0.013999999999999985,6.25,85.69433075270538,-0.12499999999999976,-0.03749999999999986,0.08749999999999991
10,19,0.4,0.4,0.16000000000000003,0.162,0.162,0.001999999999999974,0.001999999999999974,0.0,0.0,47.751815744378035,-0.0,-0.0,0.0
10,20,0.4,0.4,0.16000000000000003,0.208,0.19,0.04799999999999996,0.02999999999999997,-0.017999999999999988,6.25,72.10309996395728,-0.29999999999999977,-0.18749999999999983,0.11249999999999993
10,21,0.4,0.4,0.16000000000000003,0.13,0.108,-0.030000000000000027,-0.05200000000000003,-0.022000000000000006,0.0,7.903655032893316,0.0,0.0,0.0
10,22,0.4,0.4,0.16000000000000003,0.18,0.15,0.019999999999999962,-0.010000000000000037,-0.03,6.25,25.807346457779587,-0.12499999999999976,0.06250000000000022,0.1875
10,23,0.4,0.4,0.16000000000000003,0.172,0.162,0.011999999999999955,0.001999999999999974,-0.009999999999999981,0.0,32.57929624541593,-0.0,-0.0,0.0
10,24,0.4,0.4,0.16000000000000003,0.146,0.136,-0.01400000000000004,-0.02400000000000002,-0.009999999999999981,6.25,28.608740805636327,0.08750000000000024,0.15000000000000013,0.06249999999999989
10,25,0.4,0.4,0.16000000000000003,0.16,0.142,-2.7755575615628914e-17,-0.018000000000000044,-0.018000000000000016,0.0,151.1760169585986,0.0,0.0,0.0
10,26,0.4,0.4,0.16000000000000003,0.176,0.18,0.01599999999999996,0.019999999999999962,0.0040000000000000036,0.0,38.06097519180156,-0.0,-0.0,0.0
10,27,0.4,0.4,0.16000000000000003,0.154,0.138,-0.006000000000000033,-0.02200000000000002,-0.015999999999999986,0.0,100.87385985443407,0.0,0.0,0.0
10,28,0.4,0.4,0.16000000000000003,0.18,0.158,0.019999999999999962,-0.0020000000000000295,-0.021999999999999992,6.25,36.21502388128199,-0.12499999999999976,0.012500000000000185,0.13749999999999996
10,29,0.4,0.4,0.16000000000000003,0.184,0.16,0.023999999999999966,-2.7755575615628914e-17,-0.023999999999999994,0.0,39.52919915215127,-0.0,0.0,0.0
11,12,0.4,0.4,0.16000000000000003,0.176,0.172,0.01599999999999996,0.011999999999999955,-0.0040000000000000036,0.0,32.58553616501628,-0.0,-0.0,0.0
11,13,0.4,0.4,0.16000000000000003,0.152,0.16,-0.008000000000000035,-2.7755575615628914e-17,0.008000000000000007,6.25,9.728187660624776,0.05000000000000022,1.734723475976807e-16,-0.050000000000000044
11,14,0.4,0.4,0.16000000000000003,0.144,0.15,-0.016000000000000042,-0.010000000000000037,0.006000000000000005,0.0,31.896580866658248,0.0,0.0,0.0
11,15,0.4,0.4,0.16000000000000003,0.162,0.18,0.001999999999999974,0.019999999999999962,0.017999999999999988,6.25,29.25611076509845,-0.012499999999999838,-0.12499999999999976,-0.11249999999999993
11,16,0.4,0.4,0.16000000000000003,0.196,0.178,0.035999999999999976,0.01799999999999996,-0.018000000000000016,0.0,32.69290392067881,-0.0,-0.0,0.0
11,17,0.4,0.4,0.16000000000000003,0.16,0.17,-2.7755575615628914e-17,0.009999999999999981,0.010000000000000009,0.0,21.13603603479034,0.0,-0.0,-0.0
11,18,0.4,0.4,0.16000000000000003,0.124,0.206,-0.03600000000000003,0.04599999999999996,0.08199999999999999,6.25,58.193214038250574,0.2250000000000002,-0.28749999999999976,-0.5125
11,19,0.4,0.4,0.16000000000000003,0.154,0.156,-0.006000000000000033,-0.004000000000000031,0.0020000000000000018,0.0,40.36097256580638,0.0,0.0,0.0
11,20,0.4,0.4,0.16000000000000003,0.178,0.192,0.01799999999999996,0.03199999999999997,0.014000000000000012,6.25,45.687965912092935,-0.11249999999999975,-0.19999999999999984,-0.08750000000000009
11,21,0.4,0.4,0.16000000000000003,0.118,0.156,-0.04200000000000004,-0.004000000000000031,0.038000000000000006,0.0,14.755563116395045,0.0,0.0,0.0
11,22,0.4,0.4,0.16000000000000003,0.156,0.162,-0.004000000000000031,0.001999999999999974,0.006000000000000005,6.25,6.723898037244168,0.025000000000000196,-0.012499999999999838,-0.03750000000000003
11,23,0.4,0.4,0.16000000000000003,0.184,0.156,0.023999999999999966,-0.004000000000000031,-0.027999999999999997,0.0,15.233015761027385,-0.0,0.0,0.0
11,24,0.4,0.4,0.16000000000000003,0.144,0.134,-0.016000000000000042,-0.026000000000000023,-0.009999999999999981,6.25,6.791646300648927,0.10000000000000026,0.16250000000000014,0.06249999999999989
11,25,0.4,0.4,0.16000000000000003,0.122,0.14,-0.038000000000000034,-0.020000000000000018,0.018000000000000016,0.0,102.24622066825702,0.0,0.0,0.0
11,26,0.4,0.4,0.16000000000000003,0.13,0.19,-0.030000000000000027,0.02999999999999997,0.06,0.0,30.949320884837654,0.0,-0.0,-0.0
11,27,0.4,0.4,0.16000000000000003,0.152,0.166,-0.008000000000000035,0.005999999999999978,0.014000000000000012,0.0,62.07010341459049,0.0,-0.0,-0.0
11,28,0.4,0.4,0.16000000000000003,0.166,0.152,0.005999999999999978,-0.008000000000000035,-0.014000000000000012,6.25,22.861021655052177,-0.03749999999999986,0.05000000000000022,0.08750000000000008
11,29,0.4,0.4,0.16000000000000003,0.174,0.142,0.013999999999999957,-0.018000000000000044,-0.032,0.0,9.614937294375228,-0.0,0.0,0.0
12,13,0.4,0.4,0.16000000000000003,0.206,0.202,0.04599999999999996,0.04199999999999998,-0.003999999999999976,6.25,41.29394376755556,-0.28749999999999976,-0.2624999999999999,0.024999999999999856
12,14,0.4,0.4,0.16000000000000003,0.126,0.148,-0.03400000000000003,-0.012000000000000038,0.021999999999999992,0.0,12.370865277415101,0.0,0.0,0.0
12,15,0.4,0.4,0.16000000000000003,0.156,0.162,-0.004000000000000031,0.001999999999999974,0.006000000000000005,6.25,17.13023697899091,0.025000000000000196,-0.012499999999999838,-0.03750000000000003
12,16,0.4,0.4,0.16000000000000003,0.16,0.156,-2.7755575615628914e-17,-0.004000000000000031,-0.0040000000000000036,0.0,29.982530906251554,0.0,0.0,0.0
12,17,0.4,0.4,0.16000000000000003,0.176,0.188,0.01599999999999996,0.02799999999999997,0.01200000000000001,0.0,18.839830511077313,-0.0,-0.0,0.0
12,18,0.4,0.4,0.16000000000000003,0.168,0.176,0.00799999999999998,0.01599999999999996,0.00799999999999998,6.25,38.22293883933331,-0.04999999999999987,-0.09999999999999974,-0.04999999999999987
12,19,0.4,0.4,0.16000000000000003,0.218,0.184,0.05799999999999997,0.023999999999999966,-0.034,0.0,74.35814317562043,-0.0,-0.0,0.0
12,20,0.4,0.4,0.16000000000000003,0.146,0.11,-0.01400000000000004,-0.05000000000000003,-0.03599999999999999,6.25,19.68147132597626,0.08750000000000024,0.31250000000000017,0.22499999999999992
12,21,0.4,0.4,0.16000000000000003,0.166,0.148,0.005999999999999978,-0.012000000000000038,-0.018000000000000016,0.0,54.30002444685665,-0.0,0.0,0.0
12,22,0.4,0.4,0.16000000000000003,0.184,0.17,0.023999999999999966,0.009999999999999981,-0.013999999999999985,6.25,27.385931912502773,-0.1499999999999998,-0.06249999999999988,0.08749999999999991
12,23,0.4,0.4,0.16000000000000003,0.174,0.118,0.013999999999999957,-0.04200000000000004,-0.055999999999999994,0.0,18.223921753256924,-0.0,0.0,0.0
12,24,0.4,0.4,0.16000000000000003,0.156,0.162,-0.004000000000000031,0.001999999999999974,0.006000000000000005,6.25,15.7268216410525,0.025000000000000196,-0.012499999999999838,-0.03750000000000003
12,25,0.4,0.4,0.16000000000000003,0.206,0.174,0.04599999999999996,0.013999999999999957,-0.032,0.0,72.21173591267043,-0.0,-0.0,0.0
12,26,0.4,0.4,0.16000000000000003,0.152,0.182,-0.008000000000000035,0.021999999999999964,0.03,0.0,64.11765278765506,0.0,-0.0,-0.0
12,27,0.4,0.4,0.16000000000000003,0.166,0.176,0.005999999999999978,0.01599999999999996,0.009999999999999981,0.0,38.91127632809611,-0.0,-0.0,0.0
12,28,0.4,0.4,0.16000000000000003,0.214,0.17,0.053999999999999965,0.009999999999999981,-0.043999999999999984,6.25,56.62953905937226,-0.3374999999999998,-0.06249999999999988,0.2749999999999999
12,29,0.4,0.4,0.16000000000000003,0.174,0.12,0.013999999999999957,-0.040000000000000036,-0.05399999999999999,0.0,7.326744144110255,-0.0,0.0,0.0
13,14,0.4,0.4,0.16000000000000003,0.156,0.15,-0.004000000000000031,-0.010000000000000037,-0.006000000000000005,6.25,27.019665442802296,0.025000000000000196,0.06250000000000022,0.037500000000000026
13,15,0.4,0.4,0.16000000000000003,0.17,0.206,0.009999999999999981,0.04599999999999996,0.035999999999999976,0.0,28.302466621400924,-0.0,-0.0,0.0
13,16,0.4,0.4,0.16000000000000003,0.148,0.114,-0.012000000000000038,-0.04600000000000003,-0.03399999999999999,6.25,16.658581136818462,0.07500000000000023,0.28750000000000014,0.2124999999999999
13,17,0.4,0.4,0.16000000000000003,0.208,0.188,0.04799999999999996,0.02799999999999997,-0.01999999999999999,6.25,33.81118188272373,-0.29999999999999977,-0.17499999999999982,0.12499999999999994
13,18,0.4,0.4,0.16000000000000003,0.144,0.154,-0.016000000000000042,-0.006000000000000033,0.010000000000000009,0.0,33.620858365104574,0.0,0.0,0.0
13,19,0.4,0.4,0.16000000000000003,0.132,0.132,-0.028000000000000025,-0.028000000000000025,0.0,6.25,16.67405910025589,0.17500000000000016,0.17500000000000016,0.0
13,20,0.4,0.4,0.16000000000000003,0.2,0.146,0.03999999999999998,-0.01400000000000004,-0.05400000000000002,0.0,32.54120031559964,-0.0,0.0,0.0
13,21,0.4,0.4,0.16000000000000003,0.142,0.12,-0.018000000000000044,-0.040000000000000036,-0.021999999999999992,6.25,8.851627956217683,0.11250000000000027,0.2500000000000002,0.13749999999999996
13,22,0.4,0.4,0.16000000000000003,0.182,0.158,0.021999999999999964,-0.0020000000000000295,-0.023999999999999994,0.0,18.52096362189561,-0.0,0.0,0.0
13,23,0.4,0.4,0.16000000000000003,0.176,0.136,0.01599999999999996,-0.02400000000000002,-0.03999999999999998,6.25,8.908019899331567,-0.09999999999999974,0.15000000000000013,0.2499999999999999
13,24,0.4,0.4,0.16000000000000003,0.166,0.16,0.005999999999999978,-2.7755575615628914e-17,-0.006000000000000005,0.0,12.034442392323683,-0.0,0.0,0.0
13,25,0.4,0.4,0.16000000000000003,0.138,0.126,-0.02200000000000002,-0.03400000000000003,-0.01200000000000001,6.25,103.23956012952374,0.13750000000000012,0.2125000000000002,0.07500000000000007
13,26,0.4,0.4,0.16000000000000003,0.148,0.184,-0.012000000000000038,0.023999999999999966,0.036000000000000004,6.25,42.7062439886048,0.07500000000000023,-0.1499999999999998,-0.22500000000000003
13,27,0.4,0.4,0.16000000000000003,0.156,0.16,-0.004000000000000031,-2.7755575615628914e-17,0.0040000000000000036,6.25,59.10069616652711,0.025000000000000196,1.734723475976807e-16,-0.025000000000000022
13,28,0.4,0.4,0.16000000000000003,0.166,0.148,0.005999999999999978,-0.012000000000000038,-0.018000000000000016,0.0,20.13729011071889,-0.0,0.0,0.0
13,29,0.4,0.4,0.16000000000000003,0.202,0.142,0.04199999999999998,-0.018000000000000044,-0.060000000000000026,6.25,17.605307666056824,-0.2624999999999999,0.11250000000000027,0.37500000000000017
14,15,0.4,0.4,0.16000000000000003,0.16,0.178,-2.7755575615628914e-17,0.01799999999999996,0.017999999999999988,6.25,25.930538231598884,1.734723475976807e-16,-0.11249999999999975,-0.11249999999999993
14,16,0.4,0.4,0.16000000000000003,0.138,0.128,-0.02200000000000002,-0.03200000000000003,-0.010000000000000009,0.0,17.11702066371898,0.0,0.0,0.0
14,17,0.4,0.4,0.16000000000000003,0.176,0.156,0.01599999999999996,-0.004000000000000031,-0.01999999999999999,0.0,25.003935649505657,-0.0,0.0,0.0
14,18,0.4,0.4,0.16000000000000003,0.128,0.126,-0.03200000000000003,-0.03400000000000003,-0.0020000000000000018,6.25,11.15719652639855,0.20000000000000018,0.2125000000000002,0.012500000000000011
14,19,0.4,0.4,0.16000000000000003,0.12,0.146,-0.040000000000000036,-0.01400000000000004,0.025999999999999995,0.0,50.78647544822604,0.0,0.0,0.0
14,20,0.4,0.4,0.16000000000000003,0.148,0.13,-0.012000000000000038,-0.030000000000000027,-0.017999999999999988,6.25,20.2109066960119,0.07500000000000023,0.18750000000000017,0.11249999999999993
14,21,0.4,0.4,0.16000000000000003,0.164,0.148,0.003999999999999976,-0.012000000000000038,-0.016000000000000014,0.0,44.711691748614044,-0.0,0.0,0.0
14,22,0.4,0.4,0.16000000000000003,0.168,0.162,0.00799999999999998,0.001999999999999974,-0.006000000000000005,6.25,40.68544177509294,-0.04999999999999987,-0.012499999999999838,0.03750000000000003
14,23,0.4,0.4,0.16000000000000003,0.158,0.126,-0.0020000000000000295,-0.03400000000000003,-0.032,0.0,15.978577328470024,0.0,0.0,0.0
14,24,0.4,0.4,0.16000000000000003,0.144,0.142,-0.016000000000000042,-0.018000000000000044,-0.0020000000000000018,6.25,12.28976229658449,0.10000000000000026,0.11250000000000027,0.012500000000000011
14,25,0.4,0.4,0.16000000000000003,0.118,0.118,-0.04200000000000004,-0.04200000000000004,0.0,0.0,45.58834023401673,0.0,0.0,0.0
14,26,0.4,0.4,0.16000000000000003,0.156,0.168,-0.004000000000000031,0.00799999999999998,0.01200000000000001,0.0,88.8567945221644,0.0,-0.0,-0.0
14,27,0.4,0.4,0.16000000000000003,0.124,0.15,-0.03600000000000003,-0.010000000000000037,0.025999999999999995,0.0,17.653179584139373,0.0,0.0,0.0
14,28,0.4,0.4,0.16000000000000003,0.154,0.138,-0.006000000000000033,-0.02200000000000002,-0.015999999999999986,6.25,58.22581765731229,0.03750000000000021,0.13750000000000012,0.09999999999999992
14,29,0.4,0.4,0.16000000000000003,0.166,0.144,0.005999999999999978,-0.016000000000000042,-0.02200000000000002,0.0,12.817153974466663,-0.0,0.0,0.0
15,16,0.4,0.4,0.16000000000000003,0.092,0.108,-0.06800000000000003,-0.05200000000000003,0.016,6.25,10.696982568377072,0.4250000000000002,0.3250000000000002,-0.10000000000000003
15,17,0.4,0.4,0.16000000000000003,0.154,0.154,-0.006000000000000033,-0.006000000000000033,0.0,6.25,10.515893131797997,0.03750000000000021,0.03750000000000021,0.0
15,18,0.4,0.4,0.16000000000000003,0.172,0.138,0.011999999999999955,-0.02200000000000002,-0.033999999999999975,0.0,44.41455973742627,-0.0,0.0,0.0
15,19,0.4,0.4,0.16000000000000003,0.172,0.186,0.011999999999999955,0.025999999999999968,0.014000000000000012,6.25,57.054377782256026,-0.07499999999999972,-0.1624999999999998,-0.08750000000000009
15,20,0.4,0.4,0.16000000000000003,0.112,0.118,-0.04800000000000003,-0.04200000000000004,0.0059999999999999915,0.0,10.55881228562028,0.0,0.0,0.0
15,21,0.4,0.4,0.16000000000000003,0.168,0.142,0.00799999999999998,-0.018000000000000044,-0.026000000000000023,6.25,40.56758879276521,-0.04999999999999987,0.11250000000000027,0.16250000000000014
15,22,0.4,0.4,0.16000000000000003,0.16,0.164,-2.7755575615628914e-17,0.003999999999999976,0.0040000000000000036,0.0,18.7206522181973,0.0,-0.0,-0.0
15,23,0.4,0.4,0.16000000000000003,0.156,0.132,-0.004000000000000031,-0.028000000000000025,-0.023999999999999994,6.25,8.70772151340298,0.025000000000000196,0.17500000000000016,0.14999999999999997
15,24,0.4,0.4,0.16000000000000003,0.186,0.188,0.025999999999999968,0.02799999999999997,0.0020000000000000018,0.0,23.85420809634884,-0.0,-0.0,0.0
15,25,0.4,0.4,0.16000000000000003,0.156,0.162,-0.004000000000000031,0.001999999999999974,0.006000000000000005,6.25,80.6024186075748,0.025000000000000196,-0.012499999999999838,-0.03750000000000003
15,26,0.4,0.4,0.16000000000000003,0.124,0.154,-0.03600000000000003,-0.006000000000000033,0.03,6.25,31.0693976909878,0.2250000000000002,0.03750000000000021,-0.1875
15,27,0.4,0.4,0.16000000000000003,0.16,0.17,-2.7755575615628914e-17,0.009999999999999981,0.010000000000000009,6.25,49.34685874047111,1.734723475976807e-16,-0.06249999999999988,-0.06250000000000006
15,28,0.4,0.4,0.16000000000000003,0.172,0.138,0.011999999999999955,-0.02200000000000002,-0.033999999999999975,0.0,28.290357174689202,-0.0,0.0,0.0
15,29,0.4,0.4,0.16000000000000003,0.198,0.16,0.03799999999999998,-2.7755575615628914e-17,-0.038000000000000006,6.25,11.377302925821244,-0.23749999999999988,1.734723475976807e-16,0.23750000000000004
16,17,0.4,0.4,0.16000000000000003,0.142,0.148,-0.018000000000000044,-0.012000000000000038,0.006000000000000005,0.0,21.827885595647828,0.0,0.0,0.0
16,18,0.4,0.4,0.16000000000000003,0.098,0.142,-0.06200000000000003,-0.018000000000000044,0.043999999999999984,6.25,17.81473470176908,0.3875000000000002,0.11250000000000027,-0.2749999999999999
16,19,0.4,0.4,0.16000000000000003,0.122,0.112,-0.038000000000000034,-0.04800000000000003,-0.009999999999999995,0.0,38.97348377496275,0.0,0.0,0.0
16,20,0.4,0.4,0.16000000000000003,0.164,0.13,0.003999999999999976,-0.030000000000000027,-0.034,6.25,8.002226323446546,-0.02499999999999985,0.18750000000000017,0.21250000000000002
16,21,0.4,0.4,0.16000000000000003,0.136,0.124,-0.02400000000000002,-0.03600000000000003,-0.01200000000000001,0.0,29.045031318163524,0.0,0.0,0.0
16,22,0.4,0.4,0.16000000000000003,0.192,0.166,0.03199999999999997,0.005999999999999978,-0.025999999999999995,6.25,35.05837242733747,-0.19999999999999984,-0.03749999999999986,0.16249999999999998
16,23,0.4,0.4,0.16000000000000003,0.146,0.13,-0.01400000000000004,-0.030000000000000027,-0.015999999999999986,0.0,6.278774054986376,0.0,0.0,0.0
16,24,0.4,0.4,0.16000000000000003,0.15,0.174,-0.010000000000000037,0.013999999999999957,0.023999999999999994,6.25,22.209348147680693,0.06250000000000022,-0.08749999999999973,-0.14999999999999997
16,25,0.4,0.4,0.16000000000000003,0.15,0.124,-0.010000000000000037,-0.03600000000000003,-0.025999999999999995,0.0,62.56371779648633,0.0,0.0,0.0
16,26,0.4,0.4,0.16000000000000003,0.122,0.15,-0.038000000000000034,-0.010000000000000037,0.027999999999999997,0.0,57.195755004571595,0.0,0.0,0.0
16,27,0.4,0.4,0.16000000000000003,0.148,0.158,-0.012000000000000038,-0.0020000000000000295,0.010000000000000009,0.0,32.43241416701434,0.0,0.0,0.0
16,28,0.4,0.4,0.16000000000000003,0.124,0.126,-0.03600000000000003,-0.03400000000000003,0.0020000000000000018,6.25,36.58294115481621,0.2250000000000002,0.2125000000000002,-0.012500000000000011
16,29,0.4,0.4,0.16000000000000003,0.162,0.148,0.001999999999999974,-0.012000000000000038,-0.014000000000000012,0.0,19.310844773321325,-0.0,0.0,0.0
17,18,0.4,0.4,0.16000000000000003,0.184,0.214,0.023999999999999966,0.053999999999999965,0.03,6.25,54.834353535475735,-0.1499999999999998,-0.3374999999999998,-0.1875
17,19,0.4,0.4,0.16000000000000003,0.192,0.192,0.03199999999999997,0.03199999999999997,0.0,0.0,79.15815837333335,-0.0,-0.0,0.0
17,20,0.4,0.4,0.16000000000000003,0.162,0.15,0.001999999999999974,-0.010000000000000037,-0.01200000000000001,6.25,26.69137365813266,-0.012499999999999838,0.06250000000000022,0.07500000000000007
17,21,0.4,0.4,0.16000000000000003,0.172,0.166,0.011999999999999955,0.005999999999999978,-0.005999999999999978,0.0,40.58814365090379,-0.0,-0.0,0.0
17,22,0.4,0.4,0.16000000000000003,0.198,0.158,0.03799999999999998,-0.0020000000000000295,-0.04000000000000001,6.25,20.62230043199065,-0.23749999999999988,0.012500000000000185,0.25000000000000006
17,23,0.4,0.4,0.16000000000000003,0.176,0.15,0.01599999999999996,-0.010000000000000037,-0.025999999999999995,0.0,16.63811514537225,-0.0,0.0,0.0
17,24,0.4,0.4,0.16000000000000003,0.166,0.18,0.005999999999999978,0.019999999999999962,0.013999999999999985,6.25,16.885272396992818,-0.03749999999999986,-0.12499999999999976,-0.08749999999999991
17,25,0.4,0.4,0.16000000000000003,0.106,0.11,-0.054000000000000034,-0.05000000000000003,0.0040000000000000036,0.0,52.4080402294208,0.0,0.0,0.0
17,26,0.4,0.4,0.16000000000000003,0.138,0.156,-0.02200000000000002,-0.004000000000000031,0.017999999999999988,0.0,41.483871277077256,0.0,0.0,0.0
17,27,0.4,0.4,0.16000000000000003,0.144,0.188,-0.016000000000000042,0.02799999999999997,0.04400000000000001,0.0,32.31249814917726,0.0,-0.0,-0.0
17,28,0.4,0.4,0.16000000000000003,0.162,0.134,0.001999999999999974,-0.026000000000000023,-0.027999999999999997,6.25,42.98641951204938,-0.012499999999999838,0.16250000000000014,0.175
17,29,0.4,0.4,0.16000000000000003,0.17,0.15,0.009999999999999981,-0.010000000000000037,-0.020000000000000018,0.0,8.986223306425384,-0.0,0.0,0.0
18,19,0.4,0.4,0.16000000000000003,0.112,0.094,-0.04800000000000003,-0.06600000000000003,-0.018000000000000002,6.25,49.55901501289979,0.30000000000000016,0.4125000000000002,0.11250000000000004
18,20,0.4,0.4,0.16000000000000003,0.114,0.146,-0.04600000000000003,-0.01400000000000004,0.03199999999999999,0.0,21.673374511525807,0.0,0.0,0.0
18,21,0.4,0.4,0.16000000000000003,0.156,0.158,-0.004000000000000031,-0.0020000000000000295,0.0020000000000000018,6.25,49.59154599764301,0.025000000000000196,0.012500000000000185,-0.012500000000000011
18,22,0.4,0.4,0.16000000000000003,0.172,0.182,0.011999999999999955,0.021999999999999964,0.010000000000000009,0.0,72.3500217524213,-0.0,-0.0,0.0
18,23,0.4,0.4,0.16000000000000003,0.152,0.148,-0.008000000000000035,-0.012000000000000038,-0.0040000000000000036,6.25,25.124082951105795,0.05000000000000022,0.07500000000000023,0.025000000000000015
18,24,0.4,0.4,0.16000000000000003,0.148,0.14,-0.012000000000000038,-0.020000000000000018,-0.00799999999999998,0.0,31.6223769488213,0.0,0.0,0.0
18,25,0.4,0.4,0.16000000000000003,0.138,0.164,-0.02200000000000002,0.003999999999999976,0.025999999999999995,6.25,57.748827786943025,0.13750000000000012,-0.02499999999999985,-0.16249999999999998
18,26,0.4,0.4,0.16000000000000003,0.144,0.184,-0.016000000000000042,0.023999999999999966,0.04000000000000001,6.25,121.98797345375542,0.10000000000000026,-0.1499999999999998,-0.25000000000000006
18,27,0.4,0.4,0.16000000000000003,0.128,0.16,-0.03200000000000003,-2.7755575615628914e-17,0.032,6.25,25.509594845712897,0.20000000000000018,1.734723475976807e-16,-0.2
18,28,0.4,0.4,0.16000000000000003,0.166,0.176,0.005999999999999978,0.01599999999999996,0.009999999999999981,0.0,80.43878757603171,-0.0,-0.0,0.0
18,29,0.4,0.4,0.16000000000000003,0.164,0.156,0.003999999999999976,-0.004000000000000031,-0.008000000000000007,6.25,37.82036786600942,-0.02499999999999985,0.025000000000000196,0.050000000000000044
19,20,0.4,0.4,0.16000000000000003,0.198,0.182,0.03799999999999998,0.021999999999999964,-0.016000000000000014,6.25,63.41627091917588,-0.23749999999999988,-0.1374999999999998,0.10000000000000009
19,21,0.4,0.4,0.16000000000000003,0.158,0.156,-0.0020000000000000295,-0.004000000000000031,-0.0020000000000000018,0.0,45.041987003720344,0.0,0.0,0.0
19,22,0.4,0.4,0.16000000000000003,0.192,0.16,0.03199999999999997,-2.7755575615628914e-17,-0.032,6.25,44.68204789331532,-0.19999999999999984,1.734723475976807e-16,0.2
19,23,0.4,0.4,0.16000000000000003,0.172,0.158,0.011999999999999955,-0.0020000000000000295,-0.013999999999999985,0.0,36.91742794836652,-0.0,0.0,0.0
19,24,0.4,0.4,0.16000000000000003,0.16,0.172,-2.7755575615628914e-17,0.011999999999999955,0.011999999999999983,6.25,46.54116880789101,1.734723475976807e-16,-0.07499999999999972,-0.0749999999999999
19,25,0.4,0.4,0.16000000000000003,0.174,0.154,0.013999999999999957,-0.006000000000000033,-0.01999999999999999,0.0,160.62573718749888,-0.0,0.0,0.0
19,26,0.4,0.4,0.16000000000000003,0.172,0.224,0.011999999999999955,0.06399999999999997,0.05200000000000002,0.0,71.92995685107859,-0.0,-0.0,0.0
19,27,0.4,0.4,0.16000000000000003,0.194,0.198,0.033999999999999975,0.03799999999999998,0.0040000000000000036,0.0,107.67582280899364,-0.0,-0.0,0.0
19,28,0.4,0.4,0.16000000000000003,0.13,0.102,-0.030000000000000027,-0.05800000000000004,-0.02800000000000001,6.25,22.294335381611972,0.18750000000000017,0.3625000000000002,0.17500000000000004
19,29,0.4,0.4,0.16000000000000003,0.202,0.178,0.04199999999999998,0.01799999999999996,-0.02400000000000002,0.0,50.00826888575592,-0.0,-0.0,0.0
20,21,0.4,0.4,0.16000000000000003,0.168,0.156,0.00799999999999998,-0.004000000000000031,-0.01200000000000001,6.25,38.80315906593207,-0.04999999999999987,0.025000000000000196,0.07500000000000007
20,22,0.4,0.4,0.16000000000000003,0.192,0.146,0.03199999999999997,-0.01400000000000004,-0.04600000000000001,0.0,41.524032163673255,-0.0,0.0,0.0
20,23,0.4,0.4,0.16000000000000003,0.136,0.112,-0.02400000000000002,-0.04800000000000003,-0.024000000000000007,6.25,8.816935973925013,0.15000000000000013,0.30000000000000016,0.15000000000000002
20,24,0.4,0.4,0.16000000000000003,0.148,0.13,-0.012000000000000038,-0.030000000000000027,-0.017999999999999988,0.0,26.804653336057733,0.0,0.0,0.0
20,25,0.4,0.4,0.16000000000000003,0.172,0.162,0.011999999999999955,0.001999999999999974,-0.009999999999999981,6.25,71.66644162383044,-0.07499999999999972,-0.012499999999999838,0.06249999999999988
20,26,0.4,0.4,0.16000000000000003,0.146,0.166,-0.01400000000000004,0.005999999999999978,0.020000000000000018,6.25,63.43822833678977,0.08750000000000024,-0.03749999999999986,-0.1250000000000001
20,27,0.4,0.4,0.16000000000000003,0.168,0.152,0.00799999999999998,-0.008000000000000035,-0.016000000000000014,6.25,36.767756147651916,-0.04999999999999987,0.05000000000000022,0.10000000000000009
20,28,0.4,0.4,0.16000000000000003,0.196,0.166,0.035999999999999976,0.005999999999999978,-0.03,0.0,56.24089389448079,-0.0,-0.0,0.0
20,29,0.4,0.4,0.16000000000000003,0.194,0.146,0.033999999999999975,-0.01400000000000004,-0.048000000000000015,6.25,20.653115059809753,-0.21249999999999986,0.08750000000000024,0.3000000000000001
21,22,0.4,0.4,0.16000000000000003,0.172,0.17,0.011999999999999955,0.009999999999999981,-0.001999999999999974,6.25,27.490775112548448,-0.07499999999999972,-0.06249999999999988,0.012499999999999838
21,23,0.4,0.4,0.16000000000000003,0.138,0.126,-0.02200000000000002,-0.03400000000000003,-0.01200000000000001,0.0,14.735440442892303,0.0,0.0,0.0
21,24,0.4,0.4,0.16000000000000003,0.116,0.12,-0.044000000000000025,-0.040000000000000036,0.00399999999999999,6.25,16.52781783158943,0.27500000000000013,0.2500000000000002,-0.02499999999999991
21,25,0.4,0.4,0.16000000000000003,0.18,0.172,0.019999999999999962,0.011999999999999955,-0.008000000000000007,0.0,112.76122177848805,-0.0,-0.0,0.0
21,26,0.4,0.4,0.16000000000000003,0.136,0.136,-0.02400000000000002,-0.02400000000000002,0.0,0.0,45.591273715289894,0.0,0.0,0.0
21,27,0.4,0.4,0.16000000000000003,0.132,0.158,-0.028000000000000025,-0.0020000000000000295,0.025999999999999995,0.0,65.74024704079847,0.0,0.0,0.0
21,28,0.4,0.4,0.16000000000000003,0.202,0.166,0.04199999999999998,0.005999999999999978,-0.036000000000000004,6.25,42.583292224707506,-0.2624999999999999,-0.03749999999999986,0.22500000000000003
21,29,0.4,0.4,0.16000000000000003,0.194,0.156,0.033999999999999975,-0.004000000000000031,-0.038000000000000006,0.0,26.952318551805124,-0.0,0.0,0.0
22,23,0.4,0.4,0.16000000000000003,0.184,0.156,0.023999999999999966,-0.004000000000000031,-0.027999999999999997,6.25,16.233407573668515,-0.1499999999999998,0.025000000000000196,0.175
22,24,0.4,0.4,0.16000000000000003,0.176,0.14,0.01599999999999996,-0.020000000000000018,-0.035999999999999976,0.0,16.021271007535407,-0.0,0.0,0.0
22,25,0.4,0.4,0.16000000000000003,0.176,0.164,0.01599999999999996,0.003999999999999976,-0.011999999999999983,6.25,125.99674469463804,-0.09999999999999974,-0.02499999999999985,0.0749999999999999
22,26,0.4,0.4,0.16000000000000003,0.126,0.17,-0.03400000000000003,0.009999999999999981,0.04400000000000001,6.25,13.133785225916728,0.2125000000000002,-0.06249999999999988,-0.2750000000000001
22,27,0.4,0.4,0.16000000000000003,0.152,0.174,-0.008000000000000035,0.013999999999999957,0.021999999999999992,6.25,81.96898835998454,0.05000000000000022,-0.08749999999999973,-0.13749999999999996
22,28,0.4,0.4,0.16000000000000003,0.148,0.152,-0.012000000000000038,-0.008000000000000035,0.0040000000000000036,0.0,13.16550818777528,0.0,0.0,0.0
22,29,0.4,0.4,0.16000000000000003,0.182,0.172,0.021999999999999964,0.011999999999999955,-0.010000000000000009,6.25,9.592101440037162,-0.1374999999999998,-0.07499999999999972,0.06250000000000007
23,24,0.4,0.4,0.16000000000000003,0.178,0.15,0.01799999999999996,-0.010000000000000037,-0.027999999999999997,6.25,8.394405846670612,-0.11249999999999975,0.06250000000000022,0.175
23,25,0.4,0.4,0.16000000000000003,0.18,0.128,0.019999999999999962,-0.03200000000000003,-0.05199999999999999,0.0,78.96370714029204,-0.0,0.0,0.0
23,26,0.4,0.4,0.16000000000000003,0.15,0.17,-0.010000000000000037,0.009999999999999981,0.020000000000000018,0.0,37.81291080651663,0.0,-0.0,-0.0
23,27,0.4,0.4,0.16000000000000003,0.174,0.136,0.013999999999999957,-0.02400000000000002,-0.03799999999999998,0.0,39.976024496774556,-0.0,0.0,0.0
23,28,0.4,0.4,0.16000000000000003,0.202,0.152,0.04199999999999998,-0.008000000000000035,-0.05000000000000002,6.25,28.33907934516813,-0.2624999999999999,0.05000000000000022,0.3125000000000001
23,29,0.4,0.4,0.16000000000000003,0.174,0.142,0.013999999999999957,-0.018000000000000044,-0.032,0.0,7.00071005796079,-0.0,0.0,0.0
24,25,0.4,0.4,0.16000000000000003,0.144,0.152,-0.016000000000000042,-0.008000000000000035,0.008000000000000007,6.25,70.85910816763817,0.10000000000000026,0.05000000000000022,-0.05000000000000004
24,26,0.4,0.4,0.16000000000000003,0.142,0.188,-0.018000000000000044,0.02799999999999997,0.04600000000000001,6.25,51.479622763377186,0.11250000000000027,-0.17499999999999982,-0.2875000000000001
24,27,0.4,0.4,0.16000000000000003,0.144,0.158,-0.016000000000000042,-0.0020000000000000295,0.014000000000000012,6.25,34.14341556830742,0.10000000000000026,0.012500000000000185,-0.08750000000000008
24,28,0.4,0.4,0.16000000000000003,0.194,0.158,0.033999999999999975,-0.0020000000000000295,-0.036000000000000004,0.0,39.798579994024394,-0.0,0.0,0.0
24,29,0.4,0.4,0.16000000000000003,0.148,0.152,-0.012000000000000038,-0.008000000000000035,0.0040000000000000036,6.25,3.873922183557485,0.07500000000000023,0.05000000000000022,-0.025000000000000015
25,26,0.4,0.4,0.16000000000000003,0.134,0.168,-0.026000000000000023,0.00799999999999998,0.034,0.0,182.0744033185196,0.0,-0.0,-0.0
25,27,0.4,0.4,0.16000000000000003,0.08,0.088,-0.08000000000000003,-0.07200000000000004,0.007999999999999993,0.0,8.77122408784799,0.0,0.0,0.0
25,28,0.4,0.4,0.16000000000000003,0.146,0.124,-0.01400000000000004,-0.03600000000000003,-0.021999999999999992,6.25,156.80691000686974,0.08750000000000024,0.2250000000000002,0.13749999999999996
25,29,0.4,0.4,0.16000000000000003,0.19,0.142,0.02999999999999997,-0.018000000000000044,-0.048000000000000015,0.0,73.41823506972393,-0.0,0.0,0.0
26,27,0.4,0.4,0.16000000000000003,0.164,0.2,0.003999999999999976,0.03999999999999998,0.036000000000000004,0.0,133.74315732043803,-0.0,-0.0,0.0
26,28,0.4,0.4,0.16000000000000003,0.124,0.154,-0.03600000000000003,-0.006000000000000033,0.03,6.25,18.858848149780744,0.2250000000000002,0.03750000000000021,-0.1875
26,29,0.4,0.4,0.16000000000000003,0.18,0.178,0.019999999999999962,0.01799999999999996,-0.0020000000000000018,0.0,38.497483645377194,-0.0,-0.0,0.0
27,28,0.4,0.4,0.16000000000000003,0.154,0.17,-0.006000000000000033,0.009999999999999981,0.016000000000000014,6.25,110.90683953023375,0.03750000000000021,-0.06249999999999988,-0.10000000000000009
27,29,0.4,0.4,0.16000000000000003,0.166,0.156,0.005999999999999978,-0.004000000000000031,-0.010000000000000009,0.0,38.685950820408955,-0.0,0.0,0.0
28,29,0.4,0.4,0.16000000000000003,0.18,0.162,0.019999999999999962,0.001999999999999974,-0.017999999999999988,6.25,31.083128412052993,-0.12499999999999976,-0.012499999999999838,0.11249999999999993
